time,alt,vs,vAcc,hs,hAcc,fuel,weight,angle,angSpeed,distance,NN
   0s,13748,-24.80m/s, 0.00m/s, 932.00m/s, 0.00m/s,120,285,58.3,0,181000,0
   1s,13723,-25.20m/s,-0.40m/s, 929.79m/s,-2.21m/s,119.89,284.89,58.28,-0.02,180068,0.5
   2s,13697.59,-25.61m/s,-0.40m/s, 927.58m/s,-2.21m/s,119.78,284.78,58.24,-0.03,179138.211,0.5
   3s,13671.79,-26.01m/s,-0.40m/s, 925.37m/s,-2.21m/s,119.67,284.67,58.18,-0.05,178210.632,0.5
   4s,13645.58,-26.41m/s,-0.40m/s, 923.15m/s,-2.21m/s,119.56,284.56,58.11,-0.06,177285.267,0.5
   5s,13618.96,-26.81m/s,-0.40m/s, 920.94m/s,-2.21m/s,119.44,284.45,58.03,-0.08,176362.114,0.5
   6s,13591.95,-27.22m/s,-0.40m/s, 918.72m/s,-2.21m/s,119.33,284.33,57.93,-0.09,175441.175,0.5
   7s,13564.53,-27.62m/s,-0.40m/s, 916.51m/s,-2.22m/s,119.22,284.22,57.81,-0.11,174522.451,0.5
   8s,13536.71,-28.02m/s,-0.40m/s, 914.29m/s,-2.22m/s,119.11,284.11,57.68,-0.12,173605.943,0.5
   9s,13508.48,-28.43m/s,-0.40m/s, 912.07m/s,-2.22m/s,119,284,57.53,-0.14,172691.651,0.5
  10s,13479.85,-28.83m/s,-0.40m/s, 909.86m/s,-2.22m/s,118.89,283.89,57.37,-0.16,171779.577,0.5
  11s,13450.82,-29.23m/s,-0.40m/s, 907.64m/s,-2.22m/s,118.78,283.78,57.19,-0.17,170869.721,0.5
  12s,13421.39,-29.64m/s,-0.40m/s, 905.42m/s,-2.22m/s,118.67,283.67,56.99,-0.19,169962.085,0.5
  13s,13391.55,-30.04m/s,-0.40m/s, 903.20m/s,-2.22m/s,118.56,283.56,56.78,-0.2,169056.668,0.5
  14s,13361.31,-30.44m/s,-0.40m/s, 900.97m/s,-2.22m/s,118.45,283.45,56.56,-0.22,168153.472,0.5
  15s,13330.67,-30.84m/s,-0.40m/s, 898.75m/s,-2.22m/s,118.33,283.33,56.31,-0.23,167252.498,0.5
  16s,13299.62,-31.25m/s,-0.40m/s, 896.53m/s,-2.22m/s,118.22,283.22,56.06,-0.25,166353.747,0.5
  17s,13268.18,-31.65m/s,-0.40m/s, 894.30m/s,-2.22m/s,118.11,283.11,55.78,-0.27,165457.219,0.5
  18s,13236.32,-32.05m/s,-0.40m/s, 892.08m/s,-2.23m/s,118,283,55.5,-0.28,164562.915,0.5
  19s,13204.07,-32.46m/s,-0.40m/s, 889.85m/s,-2.23m/s,117.89,282.89,55.19,-0.3,163670.837,0.5
  20s,13171.41,-32.86m/s,-0.40m/s, 887.63m/s,-2.23m/s,117.78,282.78,54.87,-0.31,162780.985,0.5
  21s,13138.35,-33.26m/s,-0.40m/s, 885.40m/s,-2.23m/s,117.67,282.67,54.56,-0.31,161893.36,0.5
  22s,13104.89,-33.67m/s,-0.40m/s, 883.17m/s,-2.23m/s,117.56,282.56,54.24,-0.31,161007.963,0.5
  23s,13071.02,-34.07m/s,-0.40m/s, 880.94m/s,-2.23m/s,117.45,282.45,53.93,-0.31,160124.794,0.5
  24s,13036.75,-34.47m/s,-0.40m/s, 878.71m/s,-2.23m/s,117.34,282.34,53.62,-0.31,159243.856,0.5
  25s,13002.08,-34.87m/s,-0.40m/s, 876.48m/s,-2.23m/s,117.22,282.22,53.31,-0.31,158365.147,0.5
  26s,12967,-35.28m/s,-0.40m/s, 874.24m/s,-2.23m/s,117.11,282.11,52.99,-0.31,157488.67,0.5
  27s,12932.08,-34.56m/s, 0.72m/s, 872.01m/s,-2.23m/s,117,282,52.68,-0.31,156614.426,0.503
  28s,12897.33,-34.96m/s,-0.40m/s, 869.78m/s,-2.23m/s,116.89,281.89,52.37,-0.31,155742.414,0.503
  29s,12862.16,-35.36m/s,-0.40m/s, 867.54m/s,-2.23m/s,116.78,281.78,52.06,-0.31,154872.637,0.503
  30s,12827.16,-34.64m/s, 0.73m/s, 865.31m/s,-2.24m/s,116.67,281.67,51.74,-0.31,154005.094,0.506
  31s,12792.33,-35.04m/s,-0.40m/s, 863.07m/s,-2.24m/s,116.55,281.55,51.43,-0.31,153139.787,0.506
  32s,12757.66,-34.30m/s, 0.74m/s, 860.83m/s,-2.24m/s,116.44,281.44,51.12,-0.31,152276.717,0.509
  33s,12723.15,-34.71m/s,-0.40m/s, 858.59m/s,-2.24m/s,116.33,281.33,50.81,-0.31,151415.885,0.509
  34s,12688.25,-35.11m/s,-0.40m/s, 856.35m/s,-2.24m/s,116.22,281.22,50.49,-0.31,150557.291,0.509
  35s,12653.51,-34.37m/s, 0.74m/s, 854.11m/s,-2.24m/s,116.1,281.1,50.18,-0.31,149700.936,0.512
  36s,12618.94,-34.77m/s,-0.40m/s, 851.87m/s,-2.24m/s,115.99,280.99,49.87,-0.31,148846.822,0.512
  37s,12583.97,-35.17m/s,-0.40m/s, 849.63m/s,-2.24m/s,115.87,280.87,49.56,-0.31,147994.949,0.512
  38s,12549.18,-34.42m/s, 0.75m/s, 847.39m/s,-2.24m/s,115.76,280.76,49.24,-0.31,147145.318,0.515
  39s,12514.56,-34.82m/s,-0.40m/s, 845.14m/s,-2.24m/s,115.65,280.65,48.93,-0.31,146297.929,0.515
  40s,12479.53,-35.23m/s,-0.40m/s, 842.90m/s,-2.24m/s,115.53,280.53,48.62,-0.31,145452.785,0.515
  41s,12444.69,-34.47m/s, 0.76m/s, 840.65m/s,-2.25m/s,115.42,280.42,48.31,-0.31,144609.886,0.518
  42s,12410.02,-34.87m/s,-0.40m/s, 838.41m/s,-2.25m/s,115.3,280.3,47.99,-0.31,143769.232,0.518
  43s,12374.95,-35.27m/s,-0.40m/s, 836.16m/s,-2.25m/s,115.19,280.19,47.68,-0.31,142930.825,0.518
  44s,12340.06,-34.50m/s, 0.77m/s, 833.91m/s,-2.25m/s,115.07,280.07,47.37,-0.31,142094.666,0.521
  45s,12305.35,-34.91m/s,-0.40m/s, 831.66m/s,-2.25m/s,114.96,279.96,47.06,-0.31,141260.755,0.521
  46s,12270.25,-35.31m/s,-0.40m/s, 829.41m/s,-2.25m/s,114.84,279.84,46.74,-0.31,140429.093,0.521
  47s,12235.32,-34.53m/s, 0.78m/s, 827.16m/s,-2.25m/s,114.72,279.72,46.43,-0.31,139599.682,0.524
  48s,12200.59,-34.94m/s,-0.40m/s, 824.91m/s,-2.25m/s,114.61,279.61,46.12,-0.31,138772.522,0.524
  49s,12165.45,-35.34m/s,-0.40m/s, 822.65m/s,-2.25m/s,114.49,279.49,45.81,-0.31,137947.615,0.524
  50s,12130.5,-34.56m/s, 0.78m/s, 820.40m/s,-2.25m/s,114.37,279.37,45.49,-0.31,137124.96,0.527
  51s,12095.74,-34.96m/s,-0.40m/s, 818.15m/s,-2.26m/s,114.26,279.26,45.18,-0.31,136304.56,0.527
  52s,12060.58,-35.36m/s,-0.40m/s, 815.89m/s,-2.26m/s,114.14,279.14,44.87,-0.31,135486.415,0.527
  53s,12025.62,-34.57m/s, 0.79m/s, 813.63m/s,-2.26m/s,114.02,279.02,44.56,-0.31,134670.526,0.53
  54s,11990.85,-34.97m/s,-0.40m/s, 811.37m/s,-2.26m/s,113.9,278.9,44.24,-0.31,133856.893,0.53
  55s,11955.67,-35.38m/s,-0.40m/s, 809.12m/s,-2.26m/s,113.79,278.79,43.93,-0.31,133045.519,0.53
  56s,11920.7,-34.57m/s, 0.80m/s, 806.86m/s,-2.26m/s,113.67,278.67,43.62,-0.31,132236.403,0.533
  57s,11885.92,-34.98m/s,-0.40m/s, 804.60m/s,-2.26m/s,113.55,278.55,43.31,-0.31,131429.547,0.533
  58s,11850.74,-35.38m/s,-0.40m/s, 802.33m/s,-2.26m/s,113.43,278.43,42.99,-0.31,130624.952,0.533
  59s,11815.76,-34.57m/s, 0.81m/s, 800.07m/s,-2.26m/s,113.31,278.31,42.68,-0.31,129822.619,0.536
  60s,11780.99,-34.98m/s,-0.40m/s, 797.81m/s,-2.26m/s,113.19,278.19,42.37,-0.31,129022.548,0.536
  61s,11745.81,-35.38m/s,-0.40m/s, 795.54m/s,-2.26m/s,113.07,278.07,42.05,-0.31,128224.741,0.536
  62s,11710.84,-34.56m/s, 0.82m/s, 793.28m/s,-2.27m/s,112.95,277.95,41.74,-0.31,127429.199,0.539
  63s,11676.08,-34.96m/s,-0.40m/s, 791.01m/s,-2.27m/s,112.84,277.84,41.43,-0.31,126635.922,0.539
  64s,11640.91,-35.37m/s,-0.40m/s, 788.74m/s,-2.27m/s,112.72,277.72,41.12,-0.31,125844.912,0.539
  65s,11605.96,-34.54m/s, 0.83m/s, 786.47m/s,-2.27m/s,112.6,277.6,40.8,-0.31,125056.169,0.542
  66s,11571.22,-34.94m/s,-0.40m/s, 784.20m/s,-2.27m/s,112.47,277.47,40.49,-0.31,124269.695,0.542
  67s,11536.07,-35.35m/s,-0.40m/s, 781.93m/s,-2.27m/s,112.35,277.35,40.18,-0.31,123485.49,0.542
  68s,11501.14,-34.51m/s, 0.83m/s, 779.66m/s,-2.27m/s,112.23,277.23,39.87,-0.31,122703.556,0.545
  69s,11466.42,-34.92m/s,-0.40m/s, 777.39m/s,-2.27m/s,112.11,277.11,39.55,-0.31,121923.893,0.545
  70s,11431.3,-35.32m/s,-0.40m/s, 775.12m/s,-2.27m/s,111.99,276.99,39.24,-0.31,121146.502,0.545
  71s,11396.41,-34.48m/s, 0.84m/s, 772.84m/s,-2.27m/s,111.87,276.87,38.93,-0.31,120371.385,0.548
  72s,11361.73,-34.88m/s,-0.40m/s, 770.57m/s,-2.28m/s,111.75,276.75,38.62,-0.31,119598.543,0.548
  73s,11326.64,-35.28m/s,-0.40m/s, 768.29m/s,-2.28m/s,111.63,276.63,38.3,-0.31,118827.976,0.548
  74s,11291.78,-34.43m/s, 0.85m/s, 766.01m/s,-2.28m/s,111.5,276.5,37.99,-0.31,118059.685,0.551
  75s,11257.15,-34.84m/s,-0.40m/s, 763.73m/s,-2.28m/s,111.38,276.38,37.68,-0.31,117293.672,0.551
  76s,11222.11,-35.24m/s,-0.40m/s, 761.46m/s,-2.28m/s,111.26,276.26,37.37,-0.31,116529.937,0.551
  77s,11187.3,-34.38m/s, 0.86m/s, 759.17m/s,-2.28m/s,111.14,276.14,37.05,-0.31,115768.482,0.554
  78s,11152.72,-34.78m/s,-0.40m/s, 756.89m/s,-2.28m/s,111.01,276.01,36.74,-0.31,115009.307,0.554
  79s,11117.73,-35.19m/s,-0.40m/s, 754.61m/s,-2.28m/s,110.89,275.89,36.43,-0.31,114252.414,0.554
  80s,11082.98,-34.32m/s, 0.87m/s, 752.33m/s,-2.28m/s,110.77,275.77,36.12,-0.31,113497.803,0.557
  81s,11048.46,-34.72m/s,-0.40m/s, 750.04m/s,-2.28m/s,110.64,275.64,35.8,-0.31,112745.476,0.557
  82s,11013.54,-35.13m/s,-0.40m/s, 747.76m/s,-2.29m/s,110.52,275.52,35.49,-0.31,111995.433,0.557
  83s,10978.85,-34.25m/s, 0.88m/s, 745.47m/s,-2.29m/s,110.4,275.4,35.18,-0.31,111247.676,0.56
  84s,10944.4,-34.65m/s,-0.40m/s, 743.18m/s,-2.29m/s,110.27,275.27,34.87,-0.31,110502.205,0.56
  85s,10909.54,-35.06m/s,-0.40m/s, 740.89m/s,-2.29m/s,110.15,275.15,34.55,-0.31,109759.022,0.56
  86s,10874.93,-34.17m/s, 0.89m/s, 738.60m/s,-2.29m/s,110.02,275.02,34.24,-0.31,109018.128,0.563
  87s,10840.56,-34.57m/s,-0.40m/s, 736.31m/s,-2.29m/s,109.9,274.9,33.93,-0.31,108279.523,0.563
  88s,10805.78,-34.98m/s,-0.40m/s, 734.02m/s,-2.29m/s,109.77,274.77,33.62,-0.31,107543.209,0.563
  89s,10770.6,-35.38m/s,-0.40m/s, 731.73m/s,-2.29m/s,109.65,274.65,33.3,-0.31,106809.187,0.563
  90s,10735.67,-34.49m/s, 0.89m/s, 729.44m/s,-2.29m/s,109.52,274.52,32.99,-0.31,106077.458,0.566
  91s,10700.98,-34.89m/s,-0.40m/s, 727.14m/s,-2.29m/s,109.4,274.4,32.68,-0.31,105348.022,0.566
  92s,10665.89,-35.29m/s,-0.40m/s, 724.84m/s,-2.30m/s,109.27,274.27,32.37,-0.31,104620.881,0.566
  93s,10631.05,-34.39m/s, 0.90m/s, 722.55m/s,-2.30m/s,109.14,274.14,32.05,-0.31,103896.037,0.569
  94s,10596.45,-34.79m/s,-0.40m/s, 720.25m/s,-2.30m/s,109.02,274.02,31.74,-0.31,103173.489,0.569
  95s,10561.46,-35.20m/s,-0.40m/s, 717.95m/s,-2.30m/s,108.89,273.89,31.43,-0.31,102453.24,0.569
  96s,10526.72,-34.29m/s, 0.91m/s, 715.65m/s,-2.30m/s,108.76,273.76,31.12,-0.31,101735.289,0.572
  97s,10492.23,-34.69m/s,-0.40m/s, 713.35m/s,-2.30m/s,108.64,273.64,30.8,-0.31,101019.639,0.572
  98s,10457.34,-35.09m/s,-0.40m/s, 711.05m/s,-2.30m/s,108.51,273.51,30.49,-0.31,100306.29,0.572
  99s,10422.71,-34.17m/s, 0.92m/s, 708.74m/s,-2.30m/s,108.38,273.38,30.18,-0.31,99595.243,0.575
 100s,10388.33,-34.58m/s,-0.40m/s, 706.44m/s,-2.30m/s,108.25,273.25,29.86,-0.31,98886.5,0.575
 101s,10353.55,-34.98m/s,-0.40m/s, 704.13m/s,-2.31m/s,108.13,273.13,29.55,-0.31,98180.061,0.575
 102s,10318.37,-35.38m/s,-0.40m/s, 701.83m/s,-2.31m/s,108,273,29.24,-0.31,97475.928,0.575
 103s,10283.46,-34.45m/s, 0.93m/s, 699.52m/s,-2.31m/s,107.87,272.87,28.93,-0.31,96774.101,0.578
 104s,10248.8,-34.86m/s,-0.40m/s, 697.21m/s,-2.31m/s,107.74,272.74,28.61,-0.31,96074.582,0.578
 105s,10213.74,-35.26m/s,-0.40m/s, 694.90m/s,-2.31m/s,107.61,272.61,28.3,-0.31,95377.372,0.578
 106s,10178.95,-34.32m/s, 0.94m/s, 692.59m/s,-2.31m/s,107.49,272.49,27.99,-0.31,94682.472,0.581
 107s,10144.43,-34.73m/s,-0.40m/s, 690.28m/s,-2.31m/s,107.36,272.36,27.68,-0.31,93989.882,0.581
 108s,10109.5,-35.13m/s,-0.40m/s, 687.96m/s,-2.31m/s,107.23,272.23,27.36,-0.31,93299.605,0.581
 109s,10074.85,-34.18m/s, 0.95m/s, 685.65m/s,-2.31m/s,107.1,272.1,27.05,-0.31,92611.641,0.584
 110s,10040.46,-34.58m/s,-0.40m/s, 683.33m/s,-2.32m/s,106.97,271.97,26.74,-0.31,91925.991,0.584
 111s,10005.68,-34.99m/s,-0.40m/s, 681.02m/s,-2.32m/s,106.84,271.84,26.43,-0.31,91242.656,0.584
 112s,9970.49,-35.39m/s,-0.40m/s, 678.70m/s,-2.32m/s,106.71,271.71,26.11,-0.31,90561.638,0.584
 113s,9935.57,-34.44m/s, 0.96m/s, 676.38m/s,-2.32m/s,106.58,271.58,25.8,-0.31,89882.937,0.587
 114s,9900.94,-34.84m/s,-0.40m/s, 674.06m/s,-2.32m/s,106.45,271.45,25.49,-0.31,89206.555,0.587
 115s,9865.9,-35.24m/s,-0.40m/s, 671.74m/s,-2.32m/s,106.32,271.32,25.18,-0.31,88532.493,0.587
 116s,9831.14,-34.28m/s, 0.97m/s, 669.42m/s,-2.32m/s,106.19,271.19,24.86,-0.31,87860.752,0.59
 117s,9796.66,-34.68m/s,-0.40m/s, 667.10m/s,-2.32m/s,106.06,271.06,24.55,-0.31,87191.333,0.59
 118s,9761.78,-35.08m/s,-0.40m/s, 664.77m/s,-2.32m/s,105.92,270.92,24.24,-0.31,86524.237,0.59
 119s,9727.18,-34.11m/s, 0.98m/s, 662.45m/s,-2.33m/s,105.79,270.79,23.93,-0.31,85859.465,0.593
 120s,9692.87,-34.51m/s,-0.40m/s, 660.12m/s,-2.33m/s,105.66,270.66,23.61,-0.31,85197.018,0.593
 121s,9658.15,-34.92m/s,-0.40m/s, 657.79m/s,-2.33m/s,105.53,270.53,23.3,-0.31,84536.898,0.593
 122s,9623.04,-35.32m/s,-0.40m/s, 655.46m/s,-2.33m/s,105.4,270.4,22.99,-0.31,83879.106,0.593
 123s,9588.21,-34.34m/s, 0.98m/s, 653.13m/s,-2.33m/s,105.27,270.27,22.68,-0.31,83223.642,0.596
 124s,9553.67,-34.74m/s,-0.40m/s, 650.80m/s,-2.33m/s,105.13,270.13,22.36,-0.31,82570.508,0.596
 125s,9518.73,-35.14m/s,-0.40m/s, 648.47m/s,-2.33m/s,105,270,22.05,-0.31,81919.706,0.596
 126s,9484.08,-34.15m/s, 0.99m/s, 646.14m/s,-2.33m/s,104.87,269.87,21.74,-0.31,81271.235,0.599
 127s,9449.73,-34.55m/s,-0.40m/s, 643.80m/s,-2.33m/s,104.74,269.74,21.43,-0.31,80625.098,0.599
 128s,9414.97,-34.96m/s,-0.40m/s, 641.47m/s,-2.34m/s,104.6,269.6,21.11,-0.31,79981.295,0.599
 129s,9379.82,-35.36m/s,-0.40m/s, 639.13m/s,-2.34m/s,104.47,269.47,20.8,-0.31,79339.828,0.599
 130s,9344.96,-34.36m/s, 1.00m/s, 636.79m/s,-2.34m/s,104.34,269.34,20.49,-0.31,78700.698,0.602
 131s,9310.4,-34.76m/s,-0.40m/s, 634.45m/s,-2.34m/s,104.2,269.2,20.18,-0.31,78063.905,0.602
 132s,9275.43,-35.17m/s,-0.40m/s, 632.11m/s,-2.34m/s,104.07,269.07,19.86,-0.31,77429.452,0.602
 133s,9240.77,-34.15m/s, 1.01m/s, 629.77m/s,-2.34m/s,103.93,268.93,19.55,-0.31,76797.339,0.605
 134s,9206.42,-34.56m/s,-0.40m/s, 627.43m/s,-2.34m/s,103.8,268.8,19.24,-0.31,76167.567,0.605
 135s,9171.66,-34.96m/s,-0.40m/s, 625.09m/s,-2.34m/s,103.67,268.67,18.93,-0.31,75540.138,0.605
 136s,9136.5,-35.36m/s,-0.40m/s, 622.74m/s,-2.34m/s,103.53,268.53,18.61,-0.31,74915.052,0.605
 137s,9101.64,-34.34m/s, 1.02m/s, 620.39m/s,-2.35m/s,103.4,268.4,18.3,-0.31,74292.312,0.608
 138s,9067.1,-34.75m/s,-0.40m/s, 618.05m/s,-2.35m/s,103.26,268.26,17.99,-0.31,73671.918,0.608
 139s,9032.15,-35.15m/s,-0.40m/s, 615.70m/s,-2.35m/s,103.13,268.13,17.67,-0.31,73053.871,0.608
 140s,8997.51,-34.12m/s, 1.03m/s, 613.35m/s,-2.35m/s,102.99,267.99,17.36,-0.31,72438.172,0.611
 141s,8963.19,-34.52m/s,-0.40m/s, 611.00m/s,-2.35m/s,102.86,267.86,17.05,-0.31,71824.823,0.611
 142s,8928.47,-34.93m/s,-0.40m/s, 608.65m/s,-2.35m/s,102.72,267.72,16.74,-0.31,71213.825,0.611
 143s,8893.34,-35.33m/s,-0.40m/s, 606.29m/s,-2.35m/s,102.58,267.58,16.42,-0.31,70605.179,0.611
 144s,8858.53,-34.29m/s, 1.04m/s, 603.94m/s,-2.35m/s,102.45,267.45,16.11,-0.31,69998.886,0.614
 145s,8824.04,-34.69m/s,-0.40m/s, 601.58m/s,-2.36m/s,102.31,267.31,15.8,-0.31,69394.947,0.614
 146s,8789.14,-35.10m/s,-0.40m/s, 599.23m/s,-2.36m/s,102.17,267.17,15.49,-0.31,68793.364,0.614
 147s,8754.57,-34.05m/s, 1.05m/s, 596.87m/s,-2.36m/s,102.04,267.04,15.17,-0.31,68194.138,0.617
 148s,8720.32,-34.45m/s,-0.40m/s, 594.51m/s,-2.36m/s,101.9,266.9,14.86,-0.31,67597.27,0.617
 149s,8685.67,-34.85m/s,-0.40m/s, 592.15m/s,-2.36m/s,101.76,266.76,14.55,-0.31,67002.761,0.617
 150s,8650.61,-35.26m/s,-0.40m/s, 589.79m/s,-2.36m/s,101.63,266.63,14.24,-0.31,66410.613,0.617
 151s,8615.89,-34.20m/s, 1.06m/s, 587.42m/s,-2.36m/s,101.49,266.49,13.92,-0.31,65820.826,0.62
 152s,8581.49,-34.60m/s,-0.40m/s, 585.06m/s,-2.36m/s,101.35,266.35,13.61,-0.31,65233.402,0.62
 153s,8546.68,-35.01m/s,-0.40m/s, 582.69m/s,-2.37m/s,101.21,266.21,13.3,-0.31,64648.342,0.62
 154s,8512.21,-33.94m/s, 1.07m/s, 580.33m/s,-2.37m/s,101.08,266.08,12.99,-0.31,64065.647,0.623
 155s,8478.07,-34.34m/s,-0.40m/s, 577.96m/s,-2.37m/s,100.94,265.94,12.67,-0.31,63485.319,0.623
 156s,8443.53,-34.74m/s,-0.40m/s, 575.59m/s,-2.37m/s,100.8,265.8,12.36,-0.31,62907.359,0.623
 157s,8408.59,-35.15m/s,-0.40m/s, 573.22m/s,-2.37m/s,100.66,265.66,12.05,-0.31,62331.768,0.623
 158s,8373.98,-34.07m/s, 1.08m/s, 570.85m/s,-2.37m/s,100.52,265.52,11.74,-0.31,61758.546,0.626
 159s,8339.71,-34.47m/s,-0.40m/s, 568.48m/s,-2.37m/s,100.38,265.38,11.42,-0.31,61187.697,0.626
 160s,8305.03,-34.88m/s,-0.40m/s, 566.10m/s,-2.37m/s,100.24,265.24,11.11,-0.31,60619.22,0.626
 161s,8269.96,-35.28m/s,-0.40m/s, 563.73m/s,-2.38m/s,100.11,265.11,10.8,-0.31,60053.117,0.626
 162s,8235.22,-34.19m/s, 1.09m/s, 561.35m/s,-2.38m/s,99.97,264.97,10.49,-0.31,59489.389,0.629
 163s,8200.83,-34.59m/s,-0.40m/s, 558.97m/s,-2.38m/s,99.83,264.83,10.17,-0.31,58928.037,0.629
 164s,8166.03,-35.00m/s,-0.40m/s, 556.59m/s,-2.38m/s,99.69,264.69,9.86,-0.31,58369.063,0.629
 165s,8130.83,-35.40m/s,-0.40m/s, 554.21m/s,-2.38m/s,99.55,264.55,9.55,-0.31,57812.468,0.629
 166s,8095.98,-34.30m/s, 1.10m/s, 551.83m/s,-2.38m/s,99.41,264.41,9.24,-0.31,57258.254,0.632
 167s,8061.48,-34.71m/s,-0.40m/s, 549.45m/s,-2.38m/s,99.27,264.27,8.92,-0.31,56706.42,0.632
 168s,8026.57,-35.11m/s,-0.40m/s, 547.07m/s,-2.38m/s,99.13,264.13,8.61,-0.31,56156.97,0.632
 169s,7992.02,-34.00m/s, 1.11m/s, 544.68m/s,-2.39m/s,98.98,263.98,8.3,-0.31,55609.903,0.635
 170s,7957.82,-34.40m/s,-0.40m/s, 542.29m/s,-2.39m/s,98.84,263.84,7.99,-0.31,55065.221,0.635
 171s,7923.21,-34.81m/s,-0.40m/s, 539.91m/s,-2.39m/s,98.7,263.7,7.67,-0.31,54522.927,0.635
 172s,7888.2,-35.21m/s,-0.40m/s, 537.52m/s,-2.39m/s,98.56,263.56,7.36,-0.31,53983.019,0.635
 173s,7853.55,-34.09m/s, 1.12m/s, 535.13m/s,-2.39m/s,98.42,263.42,7.05,-0.31,53445.501,0.638
 174s,7819.26,-34.50m/s,-0.40m/s, 532.74m/s,-2.39m/s,98.28,263.28,6.74,-0.31,52910.374,0.638
 175s,7784.56,-34.90m/s,-0.40m/s, 530.34m/s,-2.39m/s,98.14,263.14,6.42,-0.31,52377.637,0.638
 176s,7749.46,-35.30m/s,-0.40m/s, 527.95m/s,-2.39m/s,98,263,6.11,-0.31,51847.294,0.638
 177s,7714.72,-34.17m/s, 1.13m/s, 525.55m/s,-2.40m/s,97.85,262.85,5.8,-0.31,51319.345,0.641
 178s,7680.34,-34.58m/s,-0.40m/s, 523.16m/s,-2.40m/s,97.71,262.71,5.49,-0.31,50793.792,0.641
 179s,7645.56,-34.98m/s,-0.40m/s, 520.76m/s,-2.40m/s,97.57,262.57,5.17,-0.31,50270.635,0.641
 180s,7610.38,-35.39m/s,-0.40m/s, 518.36m/s,-2.40m/s,97.43,262.43,4.86,-0.31,49749.876,0.641
 181s,7575.57,-34.24m/s, 1.14m/s, 515.96m/s,-2.40m/s,97.28,262.28,4.55,-0.31,49231.517,0.644
 182s,7541.12,-34.65m/s,-0.40m/s, 513.56m/s,-2.40m/s,97.14,262.14,4.23,-0.31,48715.558,0.644
 183s,7506.27,-35.05m/s,-0.40m/s, 511.15m/s,-2.40m/s,97,262,3.92,-0.31,48202.001,0.644
 184s,7471.79,-33.90m/s, 1.15m/s, 508.75m/s,-2.40m/s,96.85,261.85,3.61,-0.31,47690.848,0.647
 185s,7437.69,-34.31m/s,-0.40m/s, 506.34m/s,-2.41m/s,96.71,261.71,3.3,-0.31,47182.099,0.647
 186s,7403.18,-34.71m/s,-0.40m/s, 503.94m/s,-2.41m/s,96.57,261.57,2.98,-0.31,46675.756,0.647
 187s,7368.27,-35.11m/s,-0.40m/s, 501.53m/s,-2.41m/s,96.42,261.42,2.67,-0.31,46171.821,0.647
 188s,7333.73,-33.95m/s, 1.16m/s, 499.12m/s,-2.41m/s,96.28,261.28,2.36,-0.31,45670.294,0.65
 189s,7299.58,-34.36m/s,-0.40m/s, 496.71m/s,-2.41m/s,96.13,261.13,2.05,-0.31,45171.177,0.65
 190s,7265.02,-34.76m/s,-0.40m/s, 494.29m/s,-2.41m/s,95.99,260.99,1.73,-0.31,44674.471,0.65
 191s,7230.06,-35.17m/s,-0.40m/s, 491.88m/s,-2.41m/s,95.85,260.85,1.42,-0.31,44180.177,0.65
 192s,7195.48,-33.99m/s, 1.17m/s, 489.46m/s,-2.42m/s,95.7,260.7,1.11,-0.31,43688.298,0.653
 193s,7161.28,-34.40m/s,-0.40m/s, 487.05m/s,-2.42m/s,95.56,260.56,0.8,-0.31,43198.834,0.653
 194s,7126.68,-34.80m/s,-0.40m/s, 484.63m/s,-2.42m/s,95.41,260.41,0.48,-0.31,42711.786,0.653
 195s,7091.68,-35.21m/s,-0.40m/s, 482.21m/s,-2.42m/s,95.27,260.27,0.17,-0.31,42227.156,0.653
 196s,7057.07,-34.02m/s, 1.18m/s, 479.79m/s,-2.42m/s,95.12,260.12,-0.14,-0.31,41744.946,0.656
 197s,7022.84,-34.43m/s,-0.40m/s, 477.37m/s,-2.42m/s,94.97,259.97,-0.43,-0.29,41265.156,0.656
 198s,6988.21,-34.83m/s,-0.40m/s, 474.94m/s,-2.42m/s,94.83,259.83,-0.69,-0.28,40787.788,0.656
 199s,6953.98,-33.64m/s, 1.19m/s, 472.52m/s,-2.42m/s,94.68,259.68,-0.94,-0.26,40312.843,0.659
 200s,6920.94,-32.44m/s, 1.20m/s, 470.09m/s,-2.43m/s,94.54,259.54,-1.17,-0.24,39840.323,0.662
 201s,6889.11,-31.23m/s, 1.21m/s, 467.67m/s,-2.43m/s,94.39,259.39,-1.38,-0.22,39370.229,0.665
 202s,6858.49,-30.01m/s, 1.22m/s, 465.24m/s,-2.43m/s,94.24,259.24,-1.57,-0.2,38902.563,0.668
 203s,6829.1,-28.78m/s, 1.23m/s, 462.81m/s,-2.43m/s,94.09,259.09,-1.74,-0.18,38437.325,0.671
 204s,6800.11,-29.19m/s,-0.40m/s, 460.38m/s,-2.43m/s,93.94,258.94,-1.89,-0.16,37974.518,0.671
 205s,6770.72,-29.59m/s,-0.40m/s, 457.94m/s,-2.43m/s,93.79,258.79,-2.03,-0.14,37514.142,0.671
 206s,6740.93,-30.00m/s,-0.40m/s, 455.51m/s,-2.43m/s,93.64,258.64,-2.15,-0.13,37056.199,0.671
 207s,6710.73,-30.40m/s,-0.40m/s, 453.07m/s,-2.44m/s,93.49,258.49,-2.24,-0.11,36600.69,0.671
 208s,6680.95,-29.16m/s, 1.24m/s, 450.64m/s,-2.44m/s,93.34,258.34,-2.32,-0.09,36147.618,0.674
 209s,6651.58,-29.57m/s,-0.40m/s, 448.20m/s,-2.44m/s,93.2,258.2,-2.38,-0.07,35696.982,0.674
 210s,6621.81,-29.97m/s,-0.40m/s, 445.76m/s,-2.44m/s,93.05,258.05,-2.42,-0.05,35248.785,0.674
 211s,6591.64,-30.38m/s,-0.40m/s, 443.32m/s,-2.44m/s,92.9,257.9,-2.44,-0.03,34803.028,0.674
 212s,6561.89,-29.13m/s, 1.25m/s, 440.87m/s,-2.44m/s,92.75,257.75,-2.44,-0.01,34359.713,0.677
 213s,6532.56,-29.53m/s,-0.40m/s, 438.43m/s,-2.44m/s,92.6,257.6,-2.43,0.01,33918.84,0.677
 214s,6502.82,-29.94m/s,-0.40m/s, 435.98m/s,-2.45m/s,92.45,257.45,-2.39,0.03,33480.411,0.677
 215s,6472.69,-30.34m/s,-0.40m/s, 433.54m/s,-2.45m/s,92.29,257.29,-2.34,0.04,33044.429,0.677
 216s,6442.98,-29.08m/s, 1.26m/s, 431.09m/s,-2.45m/s,92.14,257.14,-2.27,0.06,32610.893,0.68
 217s,6413.69,-29.48m/s,-0.40m/s, 428.64m/s,-2.45m/s,91.99,256.99,-2.17,0.08,32179.806,0.68
 218s,6384.01,-29.89m/s,-0.40m/s, 426.19m/s,-2.45m/s,91.84,256.84,-2.06,0.1,31751.169,0.68
 219s,6353.91,-30.29m/s,-0.40m/s, 423.73m/s,-2.45m/s,91.69,256.69,-1.93,0.12,31324.983,0.68
 220s,6324.26,-29.02m/s, 1.27m/s, 421.28m/s,-2.45m/s,91.54,256.54,-1.78,0.14,30901.251,0.683
 221s,6295.03,-29.43m/s,-0.40m/s, 418.82m/s,-2.46m/s,91.39,256.39,-1.61,0.16,30479.972,0.683
 222s,6265.4,-29.83m/s,-0.40m/s, 416.37m/s,-2.46m/s,91.24,256.24,-1.42,0.18,30061.149,0.683
 223s,6235.37,-30.24m/s,-0.40m/s, 413.91m/s,-2.46m/s,91.08,256.08,-1.22,0.2,29644.784,0.683
 224s,6205.77,-28.95m/s, 1.28m/s, 411.45m/s,-2.46m/s,90.93,255.93,-0.99,0.22,29230.877,0.686
 225s,6176.62,-29.36m/s,-0.40m/s, 408.99m/s,-2.46m/s,90.78,255.78,-0.74,0.24,28819.431,0.686
 226s,6147.06,-29.76m/s,-0.40m/s, 406.52m/s,-2.46m/s,90.63,255.63,-0.48,0.26,28410.445,0.686
 227s,6117.09,-30.17m/s,-0.40m/s, 404.06m/s,-2.46m/s,90.48,255.48,-0.19,0.27,28003.923,0.686
 228s,6087.57,-28.87m/s, 1.29m/s, 401.59m/s,-2.47m/s,90.32,255.32,0.11,0.29,27599.866,0.689
 229s,6058.5,-29.28m/s,-0.40m/s, 399.12m/s,-2.47m/s,90.17,255.17,0.38,0.27,27198.274,0.689
 230s,6029.02,-29.68m/s,-0.40m/s, 396.66m/s,-2.47m/s,90.02,255.02,0.62,0.26,26799.15,0.689
 231s,5999.13,-30.09m/s,-0.40m/s, 394.18m/s,-2.47m/s,89.86,254.86,0.85,0.24,26402.495,0.689
 232s,5969.7,-28.78m/s, 1.31m/s, 391.71m/s,-2.47m/s,89.71,254.71,1.05,0.22,26008.311,0.692
 233s,5940.72,-29.19m/s,-0.40m/s, 389.24m/s,-2.47m/s,89.56,254.56,1.24,0.2,25616.598,0.692
 234s,5911.33,-29.59m/s,-0.40m/s, 386.76m/s,-2.47m/s,89.4,254.4,1.41,0.18,25227.358,0.692
 235s,5881.53,-30.00m/s,-0.40m/s, 384.29m/s,-2.48m/s,89.25,254.25,1.56,0.16,24840.594,0.692
 236s,5851.34,-30.40m/s,-0.40m/s, 381.81m/s,-2.48m/s,89.1,254.1,1.69,0.14,24456.306,0.692
 237s,5821.6,-29.08m/s, 1.32m/s, 379.33m/s,-2.48m/s,88.94,253.94,1.8,0.12,24074.496,0.695
 238s,5792.31,-29.49m/s,-0.40m/s, 376.85m/s,-2.48m/s,88.79,253.79,1.89,0.1,23695.165,0.695
 239s,5762.62,-29.89m/s,-0.40m/s, 374.37m/s,-2.48m/s,88.63,253.63,1.96,0.08,23318.315,0.695
 240s,5732.53,-30.30m/s,-0.40m/s, 371.88m/s,-2.48m/s,88.48,253.48,2.01,0.06,22943.948,0.695
 241s,5702.9,-28.97m/s, 1.33m/s, 369.40m/s,-2.49m/s,88.32,253.32,2.04,0.04,22572.064,0.698
 242s,5673.73,-29.37m/s,-0.40m/s, 366.91m/s,-2.49m/s,88.17,253.17,2.05,0.02,22202.666,0.698
 243s,5644.16,-29.78m/s,-0.40m/s, 364.42m/s,-2.49m/s,88.01,253.01,2.04,0,21835.755,0.698
 244s,5614.18,-30.18m/s,-0.40m/s, 361.93m/s,-2.49m/s,87.86,252.86,2.02,-0.02,21471.332,0.698
 245s,5584.67,-28.84m/s, 1.34m/s, 359.44m/s,-2.49m/s,87.7,252.7,1.97,-0.04,21109.399,0.701
 246s,5555.63,-29.24m/s,-0.40m/s, 356.95m/s,-2.49m/s,87.55,252.55,1.9,-0.06,20749.958,0.701
 247s,5526.19,-29.65m/s,-0.40m/s, 354.45m/s,-2.49m/s,87.39,252.39,1.81,-0.08,20393.009,0.701
 248s,5496.34,-30.05m/s,-0.40m/s, 351.96m/s,-2.50m/s,87.24,252.24,1.71,-0.1,20038.556,0.701
 249s,5466.96,-28.70m/s, 1.35m/s, 349.46m/s,-2.50m/s,87.08,252.08,1.58,-0.12,19686.598,0.704
 250s,5438.06,-29.10m/s,-0.40m/s, 346.96m/s,-2.50m/s,86.92,251.92,1.43,-0.14,19337.138,0.704
 251s,5408.75,-29.51m/s,-0.40m/s, 344.46m/s,-2.50m/s,86.77,251.77,1.27,-0.16,18990.178,0.704
 252s,5379.04,-29.91m/s,-0.40m/s, 341.96m/s,-2.50m/s,86.61,251.61,1.08,-0.18,18645.718,0.704
 253s,5348.93,-30.32m/s,-0.40m/s, 339.45m/s,-2.50m/s,86.45,251.45,0.87,-0.2,18303.76,0.704
 254s,5319.29,-28.95m/s, 1.37m/s, 336.95m/s,-2.51m/s,86.3,251.3,0.65,-0.22,17964.307,0.707
 255s,5290.14,-29.36m/s,-0.40m/s, 334.44m/s,-2.51m/s,86.14,251.14,0.4,-0.24,17627.358,0.707
 256s,5260.58,-29.76m/s,-0.40m/s, 331.93m/s,-2.51m/s,85.98,250.98,0.14,-0.26,17292.917,0.707
 257s,5230.61,-30.17m/s,-0.40m/s, 329.42m/s,-2.51m/s,85.83,250.83,-0.15,-0.28,16960.984,0.707
 258s,5201.14,-28.79m/s, 1.38m/s, 326.91m/s,-2.51m/s,85.67,250.67,-0.4,-0.26,16631.562,0.71
 259s,5172.15,-29.19m/s,-0.40m/s, 324.40m/s,-2.51m/s,85.51,250.51,-0.62,-0.24,16304.651,0.71
 260s,5142.75,-29.60m/s,-0.40m/s, 321.88m/s,-2.51m/s,85.35,250.35,-0.83,-0.22,15980.253,0.71
 261s,5112.95,-30.00m/s,-0.40m/s, 319.37m/s,-2.52m/s,85.2,250.2,-1.01,-0.2,15658.37,0.71
 262s,5083.64,-28.61m/s, 1.39m/s, 316.85m/s,-2.52m/s,85.04,250.04,-1.18,-0.18,15339.004,0.713
 263s,5054.83,-29.02m/s,-0.40m/s, 314.33m/s,-2.52m/s,84.88,249.88,-1.32,-0.16,15022.156,0.713
 264s,5025.61,-29.42m/s,-0.40m/s, 311.81m/s,-2.52m/s,84.72,249.72,-1.45,-0.14,14707.827,0.713
 265s,4995.98,-29.83m/s,-0.40m/s, 309.28m/s,-2.52m/s,84.56,249.56,-1.55,-0.12,14396.019,0.713
 266s,4966.86,-28.42m/s, 1.40m/s, 306.76m/s,-2.52m/s,84.4,249.4,-1.64,-0.09,14086.735,0.716
 267s,4939.14,-27.01m/s, 1.41m/s, 304.23m/s,-2.53m/s,84.24,249.24,-1.7,-0.07,13779.974,0.719
 268s,4912.84,-25.59m/s, 1.42m/s, 301.71m/s,-2.53m/s,84.08,249.08,-1.75,-0.05,13475.74,0.722
 269s,4887.96,-24.16m/s, 1.43m/s, 299.18m/s,-2.53m/s,83.92,248.92,-1.77,-0.03,13174.034,0.725
 270s,4863.59,-24.57m/s,-0.40m/s, 296.65m/s,-2.53m/s,83.76,248.76,-1.78,-0.01,12874.856,0.725
 271s,4838.82,-24.97m/s,-0.40m/s, 294.11m/s,-2.53m/s,83.6,248.6,-1.76,0.01,12578.21,0.725
 272s,4813.64,-25.38m/s,-0.40m/s, 291.58m/s,-2.53m/s,83.44,248.44,-1.72,0.03,12284.096,0.725
 273s,4788.98,-23.94m/s, 1.44m/s, 289.04m/s,-2.54m/s,83.28,248.28,-1.66,0.05,11992.516,0.728
 274s,4764.84,-24.34m/s,-0.40m/s, 286.51m/s,-2.54m/s,83.12,248.12,-1.59,0.07,11703.472,0.728
 275s,4740.3,-24.75m/s,-0.40m/s, 283.97m/s,-2.54m/s,82.96,247.96,-1.49,0.09,11416.966,0.728
 276s,4715.35,-25.15m/s,-0.40m/s, 281.43m/s,-2.54m/s,82.79,247.79,-1.37,0.11,11132.998,0.728
 277s,4690.92,-23.70m/s, 1.45m/s, 278.88m/s,-2.54m/s,82.63,247.63,-1.23,0.13,10851.572,0.731
 278s,4667.02,-24.10m/s,-0.41m/s, 276.34m/s,-2.54m/s,82.47,247.47,-1.07,0.15,10572.688,0.731
 279s,4642.71,-24.51m/s,-0.41m/s, 273.79m/s,-2.55m/s,82.31,247.31,-0.89,0.17,10296.348,0.731
 280s,4618,-24.91m/s,-0.41m/s, 271.25m/s,-2.55m/s,82.14,247.14,-0.69,0.19,10022.554,0.731
 281s,4592.88,-25.32m/s,-0.41m/s, 268.70m/s,-2.55m/s,81.98,246.98,-0.46,0.21,9751.307,0.731
 282s,4568.3,-23.85m/s, 1.47m/s, 266.15m/s,-2.55m/s,81.82,246.82,-0.22,0.23,9482.609,0.734
 283s,4544.24,-24.26m/s,-0.41m/s, 263.59m/s,-2.55m/s,81.66,246.66,0.04,0.25,9216.462,0.734
 284s,4519.78,-24.66m/s,-0.41m/s, 261.04m/s,-2.55m/s,81.49,246.49,0.26,0.23,8952.868,0.734
 285s,4494.92,-25.07m/s,-0.41m/s, 258.48m/s,-2.56m/s,81.33,246.33,0.46,0.21,8691.827,0.734
 286s,4470.59,-23.59m/s, 1.48m/s, 255.93m/s,-2.56m/s,81.17,246.17,0.65,0.19,8433.343,0.737
 287s,4446.8,-23.99m/s,-0.41m/s, 253.37m/s,-2.56m/s,81,246,0.8,0.17,8177.416,0.737
 288s,4422.6,-24.40m/s,-0.41m/s, 250.81m/s,-2.56m/s,80.84,245.84,0.94,0.15,7924.049,0.737
 289s,4398,-24.80m/s,-0.41m/s, 248.24m/s,-2.56m/s,80.68,245.68,1.06,0.13,7673.242,0.737
 290s,4373,-25.21m/s,-0.41m/s, 245.68m/s,-2.56m/s,80.51,245.51,1.16,0.11,7424.998,0.737
 291s,4348.54,-23.71m/s, 1.49m/s, 243.11m/s,-2.57m/s,80.35,245.35,1.23,0.09,7179.318,0.74
 292s,4324.62,-24.12m/s,-0.41m/s, 240.55m/s,-2.57m/s,80.18,245.18,1.29,0.07,6936.204,0.74
 293s,4300.3,-24.52m/s,-0.41m/s, 237.98m/s,-2.57m/s,80.02,245.02,1.32,0.04,6695.659,0.74
 294s,4275.57,-24.93m/s,-0.41m/s, 235.41m/s,-2.57m/s,79.86,244.86,1.34,0.02,6457.682,0.74
 295s,4250.44,-25.33m/s,-0.41m/s, 232.83m/s,-2.57m/s,79.69,244.69,1.33,0,6222.277,0.74
 296s,4225.86,-23.83m/s, 1.51m/s, 230.26m/s,-2.57m/s,79.53,244.53,1.3,-0.02,5989.445,0.743
 297s,4201.83,-24.23m/s,-0.41m/s, 227.68m/s,-2.58m/s,79.36,244.36,1.25,-0.04,5759.187,0.743
 298s,4177.4,-24.64m/s,-0.41m/s, 225.10m/s,-2.58m/s,79.2,244.2,1.18,-0.06,5531.506,0.743
 299s,4152.56,-25.04m/s,-0.41m/s, 222.52m/s,-2.58m/s,79.03,244.03,1.09,-0.08,5306.403,0.743
 300s,4128.28,-23.52m/s, 1.52m/s, 219.94m/s,-2.58m/s,78.87,243.87,0.97,-0.1,5083.88,0.746
 301s,4104.55,-23.93m/s,-0.41m/s, 217.36m/s,-2.58m/s,78.7,243.7,0.84,-0.12,4863.939,0.746
 302s,4080.42,-24.33m/s,-0.41m/s, 214.77m/s,-2.59m/s,78.53,243.53,0.68,-0.15,4646.581,0.746
 303s,4055.89,-24.74m/s,-0.41m/s, 212.19m/s,-2.59m/s,78.37,243.37,0.51,-0.17,4431.808,0.746
 304s,4030.95,-25.14m/s,-0.41m/s, 209.60m/s,-2.59m/s,78.2,243.2,0.31,-0.19,4219.622,0.746
 305s,4006.58,-23.61m/s, 1.54m/s, 207.01m/s,-2.59m/s,78.04,243.04,0.09,-0.21,4010.024,0.749
 306s,3982.77,-24.01m/s,-0.41m/s, 204.41m/s,-2.59m/s,77.87,242.87,-0.15,-0.23,3803.017,0.749
 307s,3958.55,-24.42m/s,-0.41m/s, 201.82m/s,-2.59m/s,77.7,242.7,-0.35,-0.21,3598.603,0.749
 308s,3933.93,-24.82m/s,-0.41m/s, 199.23m/s,-2.60m/s,77.54,242.54,-0.53,-0.19,3396.782,0.749
 309s,3908.91,-25.23m/s,-0.41m/s, 196.63m/s,-2.60m/s,77.37,242.37,-0.68,-0.17,3197.557,0.749
 310s,3884.46,-23.68m/s, 1.55m/s, 194.03m/s,-2.60m/s,77.21,242.21,-0.82,-0.14,3000.929,0.752
 311s,3860.58,-24.08m/s,-0.41m/s, 191.43m/s,-2.60m/s,77.04,242.04,-0.93,-0.12,2806.901,0.752
 312s,3836.29,-24.49m/s,-0.41m/s, 188.82m/s,-2.60m/s,76.87,241.87,-1.02,-0.1,2615.474,0.752
 313s,3811.6,-24.89m/s,-0.41m/s, 186.22m/s,-2.60m/s,76.7,241.7,-1.09,-0.08,2426.65,0.752
 314s,3786.5,-25.30m/s,-0.41m/s, 183.61m/s,-2.61m/s,76.54,241.54,-1.14,-0.06,2240.431,0.752
 315s,3761.99,-23.73m/s, 1.56m/s, 181.00m/s,-2.61m/s,76.37,241.37,-1.16,-0.04,2056.818,0.755
 316s,3738.05,-24.14m/s,-0.41m/s, 178.39m/s,-2.61m/s,76.2,241.2,-1.17,-0.02,1875.813,0.755
 317s,3713.71,-24.54m/s,-0.41m/s, 175.78m/s,-2.61m/s,76.03,241.03,-1.15,0.01,1697.418,0.755
 318s,3688.96,-24.95m/s,-0.41m/s, 173.17m/s,-2.61m/s,75.87,240.87,-1.11,0.03,1521.636,0.755
 319s,3663.81,-25.36m/s,-0.41m/s, 170.55m/s,-2.62m/s,75.7,240.7,-1.05,0.05,1348.467,0.755
 320s,3639.24,-23.78m/s, 1.58m/s, 167.94m/s,-2.62m/s,75.53,240.53,-0.97,0.07,1177.913,0.758
 321s,3615.26,-24.18m/s,-0.41m/s, 165.32m/s,-2.62m/s,75.36,240.36,-0.87,0.09,1009.977,0.758
 322s,3590.88,-24.59m/s,-0.41m/s, 162.70m/s,-2.62m/s,75.19,240.19,-0.74,0.11,844.66,0.758
 323s,3566.09,-24.99m/s,-0.41m/s, 160.07m/s,-2.62m/s,75.03,240.03,-0.59,0.14,681.965,0.758
 324s,3540.89,-25.40m/s,-0.41m/s, 157.45m/s,-2.62m/s,74.86,239.86,-0.42,0.16,521.892,0.758
 325s,3516.29,-23.80m/s, 1.59m/s, 154.82m/s,-2.63m/s,74.69,239.69,-0.23,0.18,364.444,0.761
 326s,3492.29,-24.21m/s,-0.41m/s, 152.19m/s,-2.63m/s,74.52,239.52,-0.02,0.2,209.622,0.761
 327s,3468.88,-22.61m/s, 1.60m/s, 149.56m/s,-2.63m/s,74.35,239.35,0.22,0.22,57.429,0.764
 328s,3447.08,-20.99m/s, 1.61m/s, 146.93m/s,-2.63m/s,74.18,239.18,0.41,0.2,-92.134,0.767
 329s,3426.9,-19.37m/s, 1.62m/s, 144.30m/s,-2.63m/s,74.01,239.01,0.58,0.18,-239.065,0.77
 330s,3408.35,-17.74m/s, 1.63m/s, 141.66m/s,-2.64m/s,73.84,238.84,0.73,0.16,-383.362,0.773
 331s,3391.43,-16.09m/s, 1.64m/s, 139.02m/s,-2.64m/s,73.67,238.67,0.85,0.14,-525.023,0.776
 332s,3376.16,-14.44m/s, 1.65m/s, 136.38m/s,-2.64m/s,73.49,238.49,0.95,0.11,-664.046,0.779
 333s,3361.52,-14.85m/s,-0.41m/s, 133.74m/s,-2.64m/s,73.32,238.32,1.04,0.09,-800.43,0.779
 334s,3346.46,-15.25m/s,-0.41m/s, 131.10m/s,-2.64m/s,73.15,238.15,1.09,0.07,-934.171,0.779
 335s,3332.04,-13.59m/s, 1.66m/s, 128.45m/s,-2.65m/s,72.97,237.97,1.13,0.05,-1065.27,0.782
 336s,3318.25,-14.00m/s,-0.41m/s, 125.81m/s,-2.65m/s,72.8,237.8,1.14,0.03,-1193.723,0.782
 337s,3304.05,-14.40m/s,-0.41m/s, 123.16m/s,-2.65m/s,72.63,237.63,1.14,0,-1319.528,0.782
 338s,3289.44,-14.81m/s,-0.41m/s, 120.51m/s,-2.65m/s,72.45,237.45,1.11,-0.02,-1442.685,0.782
 339s,3274.43,-15.21m/s,-0.41m/s, 117.85m/s,-2.65m/s,72.28,237.28,1.05,-0.04,-1563.19,0.782
 340s,3260.06,-13.53m/s, 1.68m/s, 115.20m/s,-2.66m/s,72.1,237.1,0.98,-0.06,-1681.042,0.785
 341s,3246.33,-13.94m/s,-0.41m/s, 112.54m/s,-2.66m/s,71.93,236.93,0.88,-0.09,-1796.239,0.785
 342s,3232.18,-14.34m/s,-0.41m/s, 109.88m/s,-2.66m/s,71.76,236.76,0.76,-0.11,-1908.778,0.785
 343s,3217.64,-14.75m/s,-0.41m/s, 107.22m/s,-2.66m/s,71.58,236.58,0.62,-0.13,-2018.659,0.785
 344s,3202.68,-15.15m/s,-0.41m/s, 104.56m/s,-2.66m/s,71.41,236.41,0.45,-0.15,-2125.879,0.785
 345s,3188.38,-13.46m/s, 1.69m/s, 101.89m/s,-2.66m/s,71.23,236.23,0.27,-0.18,-2230.436,0.788
 346s,3174.71,-13.87m/s,-0.41m/s,  99.23m/s,-2.67m/s,71.06,236.06,0.06,-0.2,-2332.327,0.788
 347s,3160.65,-14.27m/s,-0.41m/s,  96.56m/s,-2.67m/s,70.88,235.88,-0.18,-0.22,-2431.553,0.788
 348s,3146.17,-14.68m/s,-0.41m/s,  93.89m/s,-2.67m/s,70.71,235.71,-0.36,-0.2,-2528.109,0.788
 349s,3131.29,-15.08m/s,-0.41m/s,  91.21m/s,-2.67m/s,70.53,235.53,-0.53,-0.18,-2621.994,0.788
 350s,3117.07,-13.37m/s, 1.71m/s,  88.54m/s,-2.67m/s,70.36,235.36,-0.67,-0.15,-2713.207,0.791
 351s,3103.49,-13.78m/s,-0.41m/s,  85.86m/s,-2.68m/s,70.18,235.18,-0.79,-0.13,-2801.745,0.791
 352s,3089.51,-14.18m/s,-0.41m/s,  83.18m/s,-2.68m/s,70.01,235.01,-0.89,-0.11,-2887.606,0.791
 353s,3075.13,-14.59m/s,-0.41m/s,  80.50m/s,-2.68m/s,69.83,234.83,-0.96,-0.09,-2970.788,0.791
 354s,3060.34,-14.99m/s,-0.41m/s,  77.82m/s,-2.68m/s,69.65,234.65,-1.01,-0.06,-3051.289,0.791
 355s,3045.14,-15.40m/s,-0.41m/s,  75.13m/s,-2.68m/s,69.48,234.48,-1.04,-0.04,-3129.108,0.791
 356s,3030.61,-13.67m/s, 1.73m/s,  72.45m/s,-2.69m/s,69.3,234.3,-1.05,-0.02,-3204.242,0.794
 357s,3016.74,-14.08m/s,-0.41m/s,  69.76m/s,-2.69m/s,69.13,234.13,-1.03,0.01,-3276.689,0.794
 358s,3002.46,-14.48m/s,-0.41m/s,  67.07m/s,-2.69m/s,68.95,233.95,-0.99,0.03,-3346.447,0.794
 359s,2987.77,-14.89m/s,-0.41m/s,  64.37m/s,-2.69m/s,68.77,233.77,-0.92,0.05,-3413.514,0.794
 360s,2972.69,-15.29m/s,-0.41m/s,  61.68m/s,-2.69m/s,68.6,233.6,-0.84,0.08,-3477.889,0.794
 361s,2958.27,-13.55m/s, 1.74m/s,  58.98m/s,-2.70m/s,68.42,233.42,-0.73,0.1,-3539.568,0.797
 362s,2944.52,-13.95m/s,-0.41m/s,  56.28m/s,-2.70m/s,68.24,233.24,-0.59,0.12,-3598.551,0.797
 363s,2930.36,-14.36m/s,-0.41m/s,  53.58m/s,-2.70m/s,68.07,233.07,-0.44,0.14,-3654.835,0.797
 364s,2915.8,-14.76m/s,-0.41m/s,  50.88m/s,-2.70m/s,67.89,232.89,-0.26,0.17,-3708.417,0.797
 365s,2900.83,-15.17m/s,-0.41m/s,  48.17m/s,-2.71m/s,67.71,232.71,-0.05,0.19,-3759.297,0.797
 366s,2886.54,-13.41m/s, 1.76m/s,  45.47m/s,-2.71m/s,67.54,232.54,0.17,0.21,-3807.471,0.8
 367s,2872.93,-13.81m/s,-0.41m/s,  42.76m/s,-2.71m/s,67.36,232.36,0.35,0.19,-3852.938,0.8
 368s,2858.91,-14.22m/s,-0.41m/s,  40.05m/s,-2.71m/s,67.18,232.18,0.51,0.17,-3895.696,0.8
 369s,2844.49,-14.63m/s,-0.41m/s,  37.33m/s,-2.71m/s,67,232,0.64,0.14,-3935.742,0.8
 370s,2829.66,-15.03m/s,-0.41m/s,  34.62m/s,-2.72m/s,66.82,231.82,0.75,0.12,-3973.076,0.8
 371s,2815.52,-13.25m/s, 1.78m/s,  31.90m/s,-2.72m/s,66.65,231.65,0.84,0.1,-4007.693,0.803
 372s,2802.06,-13.66m/s,-0.41m/s,  29.18m/s,-2.72m/s,66.47,231.47,0.9,0.07,-4039.593,0.803
 373s,2788.2,-14.06m/s,-0.41m/s,  26.46m/s,-2.72m/s,66.29,231.29,0.94,0.05,-4068.774,0.803
 374s,2773.94,-14.47m/s,-0.41m/s,  23.73m/s,-2.72m/s,66.11,231.11,0.95,0.03,-4095.232,0.803
 375s,2759.26,-14.88m/s,-0.41m/s,  21.01m/s,-2.73m/s,65.93,230.93,0.95,0,-4118.967,0.803
 376s,2744.18,-15.28m/s,-0.41m/s,  18.28m/s,-2.73m/s,65.76,230.76,0.91,-0.02,-4139.976,0.803
 377s,2729.8,-13.49m/s, 1.80m/s,  15.55m/s,-2.73m/s,65.58,230.58,0.86,-0.04,-4158.257,0.806
 378s,2716.11,-13.89m/s,-0.41m/s,  12.82m/s,-2.73m/s,65.4,230.4,0.78,-0.07,-4173.807,0.806
 379s,2702.02,-14.30m/s,-0.41m/s,  10.08m/s,-2.73m/s,65.22,230.22,0.68,-0.09,-4186.626,0.806
 380s,2687.52,-14.70m/s,-0.41m/s,   7.35m/s,-2.74m/s,65.04,230.04,0.55,-0.11,-4196.71,0.806
 381s,2672.61,-15.11m/s,-0.41m/s,   4.61m/s,-2.74m/s,64.86,229.86,0.4,-0.14,-4204.057,0.806
 382s,2658.41,-13.30m/s, 1.81m/s,   1.87m/s,-2.74m/s,64.68,229.68,0.22,-0.16,-4208.666,0.809
 383s,2644.91,-13.70m/s,-0.41m/s,  -0.87m/s,-2.74m/s,64.5,229.5,0.03,-0.19,-4210.534,0.809
 384s,2631.01,-14.11m/s,-0.41m/s,  -0.87m/s, 0.00m/s,64.32,229.32,-0.2,-0.21,-4209.659,0.809
 385s,2616.7,-14.51m/s,-0.41m/s,  -0.87m/s, 0.00m/s,64.14,229.14,-0.37,-0.19,-4208.784,0.809
 386s,2601.98,-14.92m/s,-0.41m/s,  -0.87m/s, 0.00m/s,63.96,228.96,-0.52,-0.16,-4207.909,0.809
 387s,2586.86,-15.32m/s,-0.41m/s,  -0.87m/s, 0.00m/s,63.78,228.78,-0.65,-0.14,-4207.034,0.809
 388s,2572.45,-13.49m/s, 1.83m/s,  -0.87m/s, 0.00m/s,63.6,228.6,-0.75,-0.11,-4206.159,0.812
 389s,2558.76,-13.90m/s,-0.41m/s,  -0.87m/s, 0.00m/s,63.42,228.42,-0.83,-0.09,-4205.284,0.812
 390s,2544.66,-14.30m/s,-0.41m/s,  -0.87m/s, 0.00m/s,63.24,228.24,-0.88,-0.07,-4204.409,0.812
 391s,2530.15,-14.71m/s,-0.41m/s,  -0.87m/s, 0.00m/s,63.06,228.06,-0.91,-0.04,-4203.534,0.812
 392s,2515.24,-15.11m/s,-0.41m/s,  -0.87m/s, 0.00m/s,62.88,227.88,-0.92,-0.02,-4202.659,0.812
 393s,2501.05,-13.27m/s, 1.85m/s,  -0.87m/s, 0.00m/s,62.7,227.7,-0.9,0.01,-4201.784,0.815
 394s,2487.58,-13.67m/s,-0.41m/s,  -0.87m/s, 0.00m/s,62.52,227.52,-0.85,0.03,-4200.909,0.815
 395s,2473.7,-14.08m/s,-0.41m/s,  -0.87m/s, 0.00m/s,62.34,227.34,-0.79,0.06,-4200.034,0.815
 396s,2459.42,-14.48m/s,-0.41m/s,  -0.87m/s, 0.00m/s,62.16,227.16,-0.7,0.08,-4199.159,0.815
 397s,2444.73,-14.89m/s,-0.41m/s,  -0.87m/s, 0.00m/s,61.98,226.98,-0.58,0.1,-4198.284,0.815
 398s,2429.64,-15.29m/s,-0.41m/s,  -0.87m/s, 0.00m/s,61.8,226.8,-0.44,0.13,-4197.409,0.815
 399s,2415.28,-13.43m/s, 1.87m/s,  -0.87m/s, 0.00m/s,61.61,226.61,-0.27,0.15,-4196.534,0.818
 400s,2401.65,-13.83m/s,-0.41m/s,  -0.87m/s, 0.00m/s,61.43,226.43,-0.08,0.18,-4195.659,0.818
 401s,2387.61,-14.24m/s,-0.41m/s,  -0.87m/s, 0.00m/s,61.25,226.25,0.13,0.2,-4194.784,0.818
 402s,2373.17,-14.64m/s,-0.41m/s,  -0.87m/s, 0.00m/s,61.07,226.07,0.3,0.18,-4193.909,0.818
 403s,2358.32,-15.05m/s,-0.41m/s,  -0.87m/s, 0.00m/s,60.89,225.89,0.44,0.15,-4193.034,0.818
 404s,2344.21,-13.17m/s, 1.88m/s,  -0.87m/s, 0.00m/s,60.71,225.71,0.55,0.13,-4192.159,0.821
 405s,2330.84,-13.57m/s,-0.41m/s,  -0.87m/s, 0.00m/s,60.52,225.52,0.64,0.1,-4191.284,0.821
 406s,2317.07,-13.98m/s,-0.41m/s,  -0.87m/s, 0.00m/s,60.34,225.34,0.71,0.08,-4190.409,0.821
 407s,2302.89,-14.38m/s,-0.41m/s,  -0.87m/s, 0.00m/s,60.16,225.16,0.75,0.05,-4189.534,0.821
 408s,2288.3,-14.79m/s,-0.41m/s,  -0.87m/s, 0.00m/s,59.98,224.98,0.77,0.03,-4188.659,0.821
 409s,2273.31,-15.19m/s,-0.41m/s,  -0.87m/s, 0.00m/s,59.79,224.79,0.76,0,-4187.784,0.821
 410s,2259.07,-13.29m/s, 1.90m/s,  -0.87m/s, 0.00m/s,59.61,224.61,0.73,-0.02,-4186.909,0.824
 411s,2245.58,-13.70m/s,-0.41m/s,  -0.87m/s, 0.00m/s,59.43,224.43,0.67,-0.05,-4186.034,0.824
 412s,2231.68,-14.10m/s,-0.41m/s,  -0.87m/s, 0.00m/s,59.25,224.25,0.58,-0.07,-4185.159,0.824
 413s,2217.38,-14.51m/s,-0.41m/s,  -0.87m/s, 0.00m/s,59.06,224.06,0.48,-0.1,-4184.284,0.824
 414s,2202.67,-14.91m/s,-0.41m/s,  -0.87m/s, 0.00m/s,58.88,223.88,0.34,-0.12,-4183.409,0.824
 415s,2187.55,-15.32m/s,-0.41m/s,  -0.87m/s, 0.00m/s,58.7,223.7,0.18,-0.15,-4182.534,0.824
 416s,2173.19,-13.39m/s, 1.92m/s,  -0.87m/s, 0.00m/s,58.51,223.51,0,-0.17,-4181.659,0.827
 417s,2159.6,-13.80m/s,-0.41m/s,  -0.87m/s, 0.00m/s,58.33,223.33,-0.21,-0.2,-4180.784,0.827
 418s,2145.59,-14.21m/s,-0.41m/s,  -0.87m/s, 0.00m/s,58.15,223.15,-0.37,-0.17,-4179.909,0.827
 419s,2131.19,-14.61m/s,-0.41m/s,  -0.87m/s, 0.00m/s,57.96,222.96,-0.5,-0.15,-4179.034,0.827
 420s,2116.37,-15.02m/s,-0.41m/s,  -0.87m/s, 0.00m/s,57.78,222.78,-0.61,-0.12,-4178.159,0.827
 421s,2102.33,-13.08m/s, 1.94m/s,  -0.87m/s, 0.00m/s,57.59,222.59,-0.69,-0.1,-4177.284,0.83
 422s,2089.05,-13.48m/s,-0.41m/s,  -0.87m/s, 0.00m/s,57.41,222.41,-0.75,-0.07,-4176.409,0.83
 423s,2075.36,-13.89m/s,-0.41m/s,  -0.87m/s, 0.00m/s,57.23,222.23,-0.78,-0.04,-4175.534,0.83
 424s,2061.27,-14.29m/s,-0.41m/s,  -0.87m/s, 0.00m/s,57.04,222.04,-0.79,-0.02,-4174.659,0.83
 425s,2046.78,-14.70m/s,-0.41m/s,  -0.87m/s, 0.00m/s,56.86,221.86,-0.77,0.01,-4173.784,0.83
 426s,2031.88,-15.10m/s,-0.41m/s,  -0.87m/s, 0.00m/s,56.67,221.67,-0.72,0.03,-4172.909,0.83
 427s,2017.76,-13.14m/s, 1.96m/s,  -0.87m/s, 0.00m/s,56.49,221.49,-0.65,0.06,-4172.034,0.833
 428s,2004.41,-13.55m/s,-0.41m/s,  -0.87m/s, 0.00m/s,56.3,221.3,-0.55,0.08,-4171.159,0.833
 429s,1990.66,-13.95m/s,-0.41m/s,  -0.87m/s, 0.00m/s,56.12,221.12,-0.43,0.11,-4170.284,0.833
 430s,1976.51,-14.36m/s,-0.41m/s,  -0.87m/s, 0.00m/s,55.93,220.93,-0.28,0.14,-4169.409,0.833
 431s,1961.95,-14.76m/s,-0.41m/s,  -0.87m/s, 0.00m/s,55.75,220.75,-0.11,0.16,-4168.534,0.833
 432s,1946.98,-15.17m/s,-0.41m/s,  -0.87m/s, 0.00m/s,55.56,220.56,0.09,0.19,-4167.659,0.833
 433s,1932.8,-13.19m/s, 1.98m/s,  -0.87m/s, 0.00m/s,55.38,220.38,0.24,0.16,-4166.784,0.836
 434s,1919.41,-13.59m/s,-0.41m/s,  -0.87m/s, 0.00m/s,55.19,220.19,0.36,0.13,-4165.909,0.836
 435s,1905.61,-14.00m/s,-0.41m/s,  -0.87m/s, 0.00m/s,55.01,220.01,0.46,0.11,-4165.034,0.836
 436s,1891.41,-14.40m/s,-0.41m/s,  -0.87m/s, 0.00m/s,54.82,219.82,0.53,0.08,-4164.159,0.836
 437s,1876.8,-14.81m/s,-0.41m/s,  -0.87m/s, 0.00m/s,54.64,219.64,0.57,0.06,-4163.284,0.836
 438s,1861.79,-15.22m/s,-0.41m/s,  -0.87m/s, 0.00m/s,54.45,219.45,0.59,0.03,-4162.409,0.836
 439s,1847.58,-13.21m/s, 2.00m/s,  -0.87m/s, 0.00m/s,54.26,219.26,0.58,0,-4161.534,0.839
 440s,1834.16,-13.62m/s,-0.41m/s,  -0.87m/s, 0.00m/s,54.08,219.08,0.54,-0.02,-4160.659,0.839
 441s,1820.34,-14.02m/s,-0.41m/s,  -0.87m/s, 0.00m/s,53.89,218.89,0.48,-0.05,-4159.784,0.839
 442s,1806.11,-14.43m/s,-0.41m/s,  -0.87m/s, 0.00m/s,53.71,218.71,0.4,-0.07,-4158.909,0.839
 443s,1791.48,-14.84m/s,-0.41m/s,  -0.87m/s, 0.00m/s,53.52,218.52,0.28,-0.1,-4158.034,0.839
 444s,1776.44,-15.24m/s,-0.41m/s,  -0.87m/s, 0.00m/s,53.33,218.33,0.14,-0.13,-4157.159,0.839
 445s,1762.21,-13.22m/s, 2.02m/s,  -0.87m/s, 0.00m/s,53.15,218.15,-0.02,-0.15,-4156.284,0.842
 446s,1748.79,-13.62m/s,-0.41m/s,  -0.87m/s, 0.00m/s,52.96,217.96,-0.14,-0.13,-4155.409,0.842
 447s,1734.97,-14.03m/s,-0.41m/s,  -0.87m/s, 0.00m/s,52.77,217.77,-0.22,-0.1,-4154.534,0.842
 448s,1720.74,-14.43m/s,-0.41m/s,  -0.87m/s, 0.00m/s,52.59,217.59,-0.29,-0.07,-4153.659,0.842
 449s,1706.1,-14.84m/s,-0.41m/s,  -0.87m/s, 0.00m/s,52.4,217.4,-0.32,-0.05,-4152.784,0.842
 450s,1691.06,-15.25m/s,-0.41m/s,  -0.87m/s, 0.00m/s,52.21,217.21,-0.33,-0.02,-4151.909,0.842
 451s,1676.83,-13.20m/s, 2.05m/s,  -0.87m/s, 0.00m/s,52.02,217.02,-0.31,0.01,-4151.034,0.845
 452s,1663.43,-13.61m/s,-0.41m/s,  -0.87m/s, 0.00m/s,51.84,216.84,-0.26,0.03,-4150.159,0.845
 453s,1649.62,-14.01m/s,-0.41m/s,  -0.87m/s, 0.00m/s,51.65,216.65,-0.19,0.06,-4149.284,0.845
 454s,1635.41,-14.42m/s,-0.41m/s,  -0.87m/s, 0.00m/s,51.46,216.46,-0.09,0.09,-4148.409,0.845
 455s,1620.78,-14.82m/s,-0.41m/s,  -0.87m/s, 0.00m/s,51.27,216.27,0.04,0.11,-4147.534,0.845
 456s,1605.76,-15.23m/s,-0.41m/s,  -0.87m/s, 0.00m/s,51.09,216.09,0.11,0.09,-4146.659,0.845
 457s,1591.56,-13.16m/s, 2.07m/s,  -0.87m/s, 0.00m/s,50.9,215.9,0.16,0.06,-4145.784,0.848
 458s,1578.2,-13.57m/s,-0.41m/s,  -0.87m/s, 0.00m/s,50.71,215.71,0.18,0.03,-4144.909,0.848
 459s,1564.43,-13.97m/s,-0.41m/s,  -0.87m/s, 0.00m/s,50.52,215.52,0.17,0.01,-4144.034,0.848
 460s,1550.25,-14.38m/s,-0.41m/s,  -0.87m/s, 0.00m/s,50.33,215.33,0.14,-0.02,-4143.159,0.848
 461s,1535.67,-14.79m/s,-0.41m/s,  -0.87m/s, 0.00m/s,50.14,215.14,0.07,-0.05,-4142.284,0.848
 462s,1520.68,-15.19m/s,-0.41m/s,  -0.87m/s, 0.00m/s,49.96,214.96,-0.02,-0.08,-4141.409,0.848
 463s,1506.53,-13.10m/s, 2.09m/s,  -0.87m/s, 0.00m/s,49.77,214.77,-0.05,-0.05,-4140.534,0.851
 464s,1493.23,-13.51m/s,-0.41m/s,  -0.87m/s, 0.00m/s,49.58,214.58,-0.06,-0.02,-4139.659,0.851
 465s,1479.51,-13.91m/s,-0.41m/s,  -0.87m/s, 0.00m/s,49.39,214.39,-0.04,0.01,-4138.784,0.851
 466s,1465.4,-14.32m/s,-0.41m/s,  -0.87m/s, 0.00m/s,49.2,214.2,0.01,0.03,-4137.909,0.851
 467s,1450.87,-14.73m/s,-0.41m/s,  -0.87m/s, 0.00m/s,49.01,214.01,0,0.01,-4137.034,0.851
 468s,1435.95,-15.13m/s,-0.41m/s,  -0.87m/s, 0.00m/s,48.82,213.82,0.05,0.03,-4136.159,0.851
 469s,1421.87,-13.02m/s, 2.11m/s,  -0.87m/s, 0.00m/s,48.63,213.63,0.04,0.01,-4135.284,0.854
 470s,1408.65,-13.43m/s,-0.41m/s,  -0.87m/s, 0.00m/s,48.44,213.44,0,-0.02,-4134.409,0.854
 471s,1395.02,-13.83m/s,-0.41m/s,  -0.87m/s, 0.00m/s,48.25,213.25,-0.06,-0.05,-4133.534,0.854
 472s,1380.98,-14.24m/s,-0.41m/s,  -0.87m/s, 0.00m/s,48.06,213.06,-0.07,-0.02,-4132.659,0.854
 473s,1366.54,-14.64m/s,-0.41m/s,  -0.87m/s, 0.00m/s,47.87,212.87,-0.05,0.01,-4131.784,0.854
 474s,1351.69,-15.05m/s,-0.41m/s,  -0.87m/s, 0.00m/s,47.69,212.69,0,0.03,-4130.909,0.854
 475s,1337.71,-12.92m/s, 2.13m/s,  -0.87m/s, 0.00m/s,47.49,212.49,0.07,0.06,-4130.034,0.857
 476s,1324.59,-13.32m/s,-0.41m/s,  -0.87m/s, 0.00m/s,47.3,212.3,0.09,0.03,-4129.159,0.857
 477s,1311.06,-13.73m/s,-0.41m/s,  -0.87m/s, 0.00m/s,47.11,212.11,0.09,0.01,-4128.284,0.857
 478s,1297.13,-14.13m/s,-0.41m/s,  -0.87m/s, 0.00m/s,46.92,211.92,0.05,-0.02,-4127.409,0.857
 479s,1282.79,-14.54m/s,-0.41m/s,  -0.87m/s, 0.00m/s,46.73,211.73,-0.01,-0.05,-4126.534,0.857
 480s,1268.05,-14.95m/s,-0.41m/s,  -0.87m/s, 0.00m/s,46.54,211.54,-0.02,-0.02,-4125.659,0.857
 481s,1252.9,-15.35m/s,-0.41m/s,  -0.87m/s, 0.00m/s,46.35,211.35,0,0.01,-4124.784,0.857
 482s,1238.63,-13.19m/s, 2.16m/s,  -0.87m/s, 0.00m/s,46.16,211.16,0.05,0.03,-4123.909,0.86
 483s,1225.23,-13.60m/s,-0.41m/s,  -0.87m/s, 0.00m/s,45.97,210.97,0.04,0.01,-4123.034,0.86
 484s,1211.43,-14.01m/s,-0.41m/s,  -0.87m/s, 0.00m/s,45.78,210.78,0,-0.02,-4122.159,0.86
 485s,1197.22,-14.41m/s,-0.41m/s,  -0.87m/s, 0.00m/s,45.59,210.59,-0.06,-0.05,-4121.284,0.86
 486s,1182.61,-14.82m/s,-0.41m/s,  -0.87m/s, 0.00m/s,45.4,210.4,-0.07,-0.02,-4120.409,0.86
 487s,1167.59,-15.22m/s,-0.41m/s,  -0.87m/s, 0.00m/s,45.21,210.21,-0.05,0.01,-4119.534,0.86
 488s,1153.45,-13.04m/s, 2.18m/s,  -0.87m/s, 0.00m/s,45.02,210.02,0,0.03,-4118.659,0.863
 489s,1140.21,-13.45m/s,-0.41m/s,  -0.87m/s, 0.00m/s,44.82,209.82,0.08,0.06,-4117.784,0.863
 490s,1126.56,-13.85m/s,-0.41m/s,  -0.87m/s, 0.00m/s,44.63,209.63,0.1,0.03,-4116.909,0.863
 491s,1112.5,-14.26m/s,-0.41m/s,  -0.87m/s, 0.00m/s,44.44,209.44,0.09,0.01,-4116.034,0.863
 492s,1098.04,-14.67m/s,-0.41m/s,  -0.87m/s, 0.00m/s,44.25,209.25,0.05,-0.02,-4115.159,0.863
 493s,1083.17,-15.07m/s,-0.41m/s,  -0.87m/s, 0.00m/s,44.06,209.06,-0.02,-0.05,-4114.284,0.863
 494s,1069.2,-12.87m/s, 2.20m/s,  -0.87m/s, 0.00m/s,43.87,208.87,-0.02,-0.02,-4113.409,0.866
 495s,1056.13,-13.27m/s,-0.41m/s,  -0.87m/s, 0.00m/s,43.67,208.67,0,0.01,-4112.534,0.866
 496s,1042.65,-13.68m/s,-0.41m/s,  -0.87m/s, 0.00m/s,43.48,208.48,0.05,0.04,-4111.659,0.866
 497s,1028.77,-14.09m/s,-0.41m/s,  -0.87m/s, 0.00m/s,43.29,208.29,0.04,0.01,-4110.784,0.866
 498s,1014.48,-14.49m/s,-0.41m/s,  -0.87m/s, 0.00m/s,43.1,208.1,0,-0.02,-4109.909,0.866
 499s,999.78,-14.90m/s,-0.41m/s,  -0.87m/s, 0.00m/s,42.9,207.9,-0.07,-0.05,-4109.034,0.866
 500s,986,-12.67m/s, 2.23m/s,  -0.87m/s, 0.00m/s,42.71,207.71,-0.07,-0.02,-4108.159,0.869
 501s,974.45,-10.43m/s, 2.24m/s,  -0.87m/s, 0.00m/s,42.52,207.52,-0.05,0.01,-4107.284,0.872
 502s,965.14,-8.18m/s, 2.25m/s,  -0.87m/s, 0.00m/s,42.32,207.32,0,0.04,-4106.409,0.875
 503s,956.76,-8.59m/s,-0.41m/s,  -0.87m/s, 0.00m/s,42.13,207.13,0.08,0.06,-4105.534,0.875
 504s,947.97,-8.99m/s,-0.41m/s,  -0.87m/s, 0.00m/s,41.94,206.94,0.1,0.04,-4104.659,0.875
 505s,938.78,-9.40m/s,-0.41m/s,  -0.87m/s, 0.00m/s,41.74,206.74,0.09,0.01,-4103.784,0.875
 506s,929.18,-9.80m/s,-0.41m/s,  -0.87m/s, 0.00m/s,41.55,206.55,0.05,-0.02,-4102.909,0.875
 507s,919.17,-10.21m/s,-0.41m/s,  -0.87m/s, 0.00m/s,41.35,206.35,-0.02,-0.05,-4102.034,0.875
 508s,910.1,-7.94m/s, 2.27m/s,  -0.87m/s, 0.00m/s,41.16,206.16,-0.02,-0.02,-4101.159,0.878
 509s,901.96,-8.34m/s,-0.41m/s,  -0.87m/s, 0.00m/s,40.96,205.96,0,0.01,-4100.284,0.878
 510s,893.42,-8.75m/s,-0.41m/s,  -0.87m/s, 0.00m/s,40.77,205.77,0.05,0.04,-4099.409,0.878
 511s,884.47,-9.15m/s,-0.41m/s,  -0.87m/s, 0.00m/s,40.57,205.57,0.04,0.01,-4098.534,0.878
 512s,875.11,-9.56m/s,-0.41m/s,  -0.87m/s, 0.00m/s,40.38,205.38,0,-0.02,-4097.659,0.878
 513s,865.35,-9.96m/s,-0.41m/s,  -0.87m/s, 0.00m/s,40.18,205.18,-0.07,-0.05,-4096.784,0.878
 514s,855.18,-10.37m/s,-0.41m/s,  -0.87m/s, 0.00m/s,39.99,204.99,-0.08,-0.02,-4095.909,0.878
 515s,845.96,-8.07m/s, 2.30m/s,  -0.87m/s, 0.00m/s,39.79,204.79,-0.06,0.01,-4095.034,0.881
 516s,837.69,-8.47m/s,-0.41m/s,  -0.87m/s, 0.00m/s,39.6,204.6,0,0.04,-4094.159,0.881
 517s,829.01,-8.88m/s,-0.41m/s,  -0.87m/s, 0.00m/s,39.4,204.4,0.08,0.07,-4093.284,0.881
 518s,819.93,-9.29m/s,-0.41m/s,  -0.87m/s, 0.00m/s,39.21,204.21,0.1,0.04,-4092.409,0.881
 519s,810.44,-9.69m/s,-0.41m/s,  -0.87m/s, 0.00m/s,39.01,204.01,0.09,0.01,-4091.534,0.881
 520s,800.55,-10.10m/s,-0.41m/s,  -0.87m/s, 0.00m/s,38.81,203.81,0.05,-0.02,-4090.659,0.881
 521s,791.61,-7.77m/s, 2.33m/s,  -0.87m/s, 0.00m/s,38.62,203.62,-0.02,-0.05,-4089.784,0.884
 522s,783.64,-8.18m/s,-0.41m/s,  -0.87m/s, 0.00m/s,38.42,203.42,-0.03,-0.02,-4088.909,0.884
 523s,775.26,-8.58m/s,-0.41m/s,  -0.87m/s, 0.00m/s,38.23,203.23,0,0.01,-4088.034,0.884
 524s,766.47,-8.99m/s,-0.41m/s,  -0.87m/s, 0.00m/s,38.03,203.03,0.05,0.04,-4087.159,0.884
 525s,757.28,-9.40m/s,-0.41m/s,  -0.87m/s, 0.00m/s,37.83,202.83,0.04,0.01,-4086.284,0.884
 526s,747.68,-9.80m/s,-0.41m/s,  -0.87m/s, 0.00m/s,37.64,202.64,0,-0.02,-4085.409,0.884
 527s,737.67,-10.21m/s,-0.41m/s,  -0.87m/s, 0.00m/s,37.44,202.44,0.02,0.01,-4084.534,0.884
 528s,728.64,-7.85m/s, 2.35m/s,  -0.87m/s, 0.00m/s,37.24,202.24,-0.02,-0.02,-4083.659,0.887
 529s,720.59,-8.26m/s,-0.41m/s,  -0.87m/s, 0.00m/s,37.05,202.05,0,0.01,-4082.784,0.887
 530s,712.13,-8.66m/s,-0.41m/s,  -0.87m/s, 0.00m/s,36.85,201.85,-0.04,-0.02,-4081.909,0.887
 531s,703.26,-9.07m/s,-0.41m/s,  -0.87m/s, 0.00m/s,36.65,201.65,-0.01,0.01,-4081.034,0.887
 532s,693.99,-9.48m/s,-0.41m/s,  -0.87m/s, 0.00m/s,36.46,201.46,0.04,0.04,-4080.159,0.887
 533s,684.31,-9.88m/s,-0.41m/s,  -0.87m/s, 0.00m/s,36.26,201.26,0.03,0.01,-4079.284,0.887
 534s,674.22,-10.29m/s,-0.41m/s,  -0.87m/s, 0.00m/s,36.06,201.06,-0.01,-0.02,-4078.409,0.887
 535s,665.13,-7.91m/s, 2.38m/s,  -0.87m/s, 0.00m/s,35.87,200.87,0.01,0.01,-4077.534,0.89
 536s,657.02,-8.31m/s,-0.41m/s,  -0.87m/s, 0.00m/s,35.67,200.67,-0.03,-0.02,-4076.659,0.89
 537s,648.5,-8.72m/s,-0.41m/s,  -0.87m/s, 0.00m/s,35.47,200.47,-0.01,0.01,-4075.784,0.89
 538s,639.58,-9.12m/s,-0.41m/s,  -0.87m/s, 0.00m/s,35.27,200.27,0.05,0.04,-4074.909,0.89
 539s,630.26,-9.53m/s,-0.41m/s,  -0.87m/s, 0.00m/s,35.07,200.07,0.04,0.01,-4074.034,0.89
 540s,620.52,-9.94m/s,-0.41m/s,  -0.87m/s, 0.00m/s,34.88,199.88,0,-0.02,-4073.159,0.89
 541s,610.39,-10.34m/s,-0.41m/s,  -0.87m/s, 0.00m/s,34.68,199.68,0.02,0.01,-4072.284,0.89
 542s,601.25,-7.93m/s, 2.41m/s,  -0.87m/s, 0.00m/s,34.48,199.48,-0.02,-0.02,-4071.409,0.893
 543s,593.12,-8.34m/s,-0.41m/s,  -0.87m/s, 0.00m/s,34.28,199.28,0,0.01,-4070.534,0.893
 544s,584.58,-8.74m/s,-0.41m/s,  -0.87m/s, 0.00m/s,34.08,199.08,-0.04,-0.02,-4069.659,0.893
 545s,575.64,-9.15m/s,-0.41m/s,  -0.87m/s, 0.00m/s,33.89,198.89,-0.02,0.01,-4068.784,0.893
 546s,566.28,-9.55m/s,-0.41m/s,  -0.87m/s, 0.00m/s,33.69,198.69,0.04,0.04,-4067.909,0.893
 547s,556.53,-9.96m/s,-0.41m/s,  -0.87m/s, 0.00m/s,33.49,198.49,0.03,0.01,-4067.034,0.893
 548s,546.37,-10.37m/s,-0.41m/s,  -0.87m/s, 0.00m/s,33.29,198.29,-0.01,-0.03,-4066.159,0.893
 549s,537.22,-7.92m/s, 2.44m/s,  -0.87m/s, 0.00m/s,33.09,198.09,0.01,0.01,-4065.284,0.896
 550s,529.09,-8.33m/s,-0.41m/s,  -0.87m/s, 0.00m/s,32.89,197.89,-0.03,-0.03,-4064.409,0.896
 551s,520.56,-8.74m/s,-0.41m/s,  -0.87m/s, 0.00m/s,32.7,197.7,-0.01,0.01,-4063.534,0.896
 552s,511.62,-9.14m/s,-0.41m/s,  -0.87m/s, 0.00m/s,32.5,197.5,0.05,0.04,-4062.659,0.896
 553s,502.27,-9.55m/s,-0.41m/s,  -0.87m/s, 0.00m/s,32.3,197.3,0.04,0.01,-4061.784,0.896
 554s,492.52,-9.95m/s,-0.41m/s,  -0.87m/s, 0.00m/s,32.1,197.1,0,-0.03,-4060.909,0.896
 555s,482.37,-10.36m/s,-0.41m/s,  -0.87m/s, 0.00m/s,31.9,196.9,0.02,0.01,-4060.034,0.896
 556s,473.24,-7.89m/s, 2.47m/s,  -0.87m/s, 0.00m/s,31.7,196.7,-0.02,-0.03,-4059.159,0.899
 557s,465.15,-8.30m/s,-0.41m/s,  -0.87m/s, 0.00m/s,31.5,196.5,0,0.01,-4058.284,0.899
 558s,456.65,-8.70m/s,-0.41m/s,  -0.87m/s, 0.00m/s,31.3,196.3,-0.04,-0.03,-4057.409,0.899
 559s,447.74,-9.11m/s,-0.41m/s,  -0.87m/s, 0.00m/s,31.1,196.1,-0.02,0.01,-4056.534,0.899
 560s,438.43,-9.51m/s,-0.41m/s,  -0.87m/s, 0.00m/s,30.9,195.9,0.04,0.04,-4055.659,0.899
 561s,428.72,-9.92m/s,-0.41m/s,  -0.87m/s, 0.00m/s,30.7,195.7,0.03,0.01,-4054.784,0.899
 562s,418.59,-10.33m/s,-0.41m/s,  -0.87m/s, 0.00m/s,30.5,195.5,-0.01,-0.03,-4053.909,0.899
 563s,409.52,-7.83m/s, 2.50m/s,  -0.87m/s, 0.00m/s,30.3,195.3,0.01,0.01,-4053.034,0.902
 564s,401.49,-8.23m/s,-0.41m/s,  -0.87m/s, 0.00m/s,30.1,195.1,-0.03,-0.03,-4052.159,0.902
 565s,393.05,-8.64m/s,-0.41m/s,  -0.87m/s, 0.00m/s,29.9,194.9,-0.01,0.01,-4051.284,0.902
 566s,384.21,-9.04m/s,-0.41m/s,  -0.87m/s, 0.00m/s,29.7,194.7,0.05,0.04,-4050.409,0.902
 567s,374.97,-9.45m/s,-0.41m/s,  -0.87m/s, 0.00m/s,29.5,194.5,0.04,0.01,-4049.534,0.902
 568s,365.32,-9.86m/s,-0.41m/s,  -0.87m/s, 0.00m/s,29.3,194.3,0,-0.03,-4048.659,0.902
 569s,355.26,-10.26m/s,-0.41m/s,  -0.87m/s, 0.00m/s,29.1,194.1,0.02,0.01,-4047.784,0.902
 570s,346.26,-7.73m/s, 2.53m/s,  -0.87m/s, 0.00m/s,28.9,193.9,-0.02,-0.03,-4046.909,0.905
 571s,338.33,-8.14m/s,-0.41m/s,  -0.87m/s, 0.00m/s,28.7,193.7,0,0.01,-4046.034,0.905
 572s,329.99,-8.54m/s,-0.41m/s,  -0.87m/s, 0.00m/s,28.5,193.5,-0.04,-0.03,-4045.159,0.905
 573s,321.24,-8.95m/s,-0.41m/s,  -0.87m/s, 0.00m/s,28.3,193.3,-0.02,0.01,-4044.284,0.905
 574s,312.09,-9.35m/s,-0.41m/s,  -0.87m/s, 0.00m/s,28.1,193.1,0.04,0.04,-4043.409,0.905
 575s,302.54,-9.76m/s,-0.41m/s,  -0.87m/s, 0.00m/s,27.9,192.9,0.03,0.01,-4042.534,0.905
 576s,292.57,-10.17m/s,-0.41m/s,  -0.87m/s, 0.00m/s,27.69,192.69,-0.01,-0.03,-4041.659,0.905
 577s,283.69,-7.60m/s, 2.56m/s,  -0.87m/s, 0.00m/s,27.49,192.49,0.01,0.01,-4040.784,0.908
 578s,275.88,-8.01m/s,-0.41m/s,  -0.87m/s, 0.00m/s,27.29,192.29,-0.03,-0.03,-4039.909,0.908
 579s,267.67,-8.42m/s,-0.41m/s,  -0.87m/s, 0.00m/s,27.09,192.09,-0.01,0.01,-4039.034,0.908
 580s,259.05,-8.82m/s,-0.41m/s,  -0.87m/s, 0.00m/s,26.89,191.89,0.05,0.04,-4038.159,0.908
 581s,250.03,-9.23m/s,-0.41m/s,  -0.87m/s, 0.00m/s,26.69,191.69,0.04,0.01,-4037.284,0.908
 582s,240.6,-9.63m/s,-0.41m/s,  -0.87m/s, 0.00m/s,26.48,191.48,0,-0.03,-4036.409,0.908
 583s,230.76,-10.04m/s,-0.41m/s,  -0.87m/s, 0.00m/s,26.28,191.28,0.02,0.01,-4035.534,0.908
 584s,222.02,-7.45m/s, 2.59m/s,  -0.87m/s, 0.00m/s,26.08,191.08,-0.02,-0.03,-4034.659,0.911
 585s,214.37,-7.85m/s,-0.41m/s,  -0.87m/s, 0.00m/s,25.88,190.88,0,0.01,-4033.784,0.911
 586s,206.31,-8.26m/s,-0.41m/s,  -0.87m/s, 0.00m/s,25.68,190.68,-0.04,-0.03,-4032.909,0.911
 587s,197.85,-8.66m/s,-0.41m/s,  -0.87m/s, 0.00m/s,25.47,190.47,-0.02,0.01,-4032.034,0.911
 588s,188.99,-9.07m/s,-0.41m/s,  -0.87m/s, 0.00m/s,25.27,190.27,0.04,0.04,-4031.159,0.911
 589s,179.72,-9.48m/s,-0.41m/s,  -0.87m/s, 0.00m/s,25.07,190.07,0.03,0.01,-4030.284,0.911
 590s,170.04,-9.88m/s,-0.41m/s,  -0.87m/s, 0.00m/s,24.87,189.87,-0.01,-0.03,-4029.409,0.911
 591s,159.95,-10.29m/s,-0.41m/s,  -0.87m/s, 0.00m/s,24.67,189.67,0.01,0.01,-4028.534,0.911
 592s,150.98,-7.66m/s, 2.63m/s,  -0.87m/s, 0.00m/s,24.46,189.46,-0.03,-0.03,-4027.659,0.914
 593s,143.12,-8.06m/s,-0.41m/s,  -0.87m/s, 0.00m/s,24.26,189.26,-0.01,0.01,-4026.784,0.914
 594s,134.85,-8.47m/s,-0.41m/s,  -0.87m/s, 0.00m/s,24.06,189.06,0.05,0.04,-4025.909,0.914
 595s,126.18,-8.88m/s,-0.41m/s,  -0.87m/s, 0.00m/s,23.85,188.85,0.04,0.01,-4025.034,0.914
 596s,117.1,-9.28m/s,-0.41m/s,  -0.87m/s, 0.00m/s,23.65,188.65,0,-0.03,-4024.159,0.914
 597s,107.62,-9.69m/s,-0.41m/s,  -0.87m/s, 0.00m/s,23.45,188.45,0.02,0.01,-4023.284,0.914
 598s,97.72,-10.09m/s,-0.41m/s,  -0.87m/s, 0.00m/s,23.25,188.25,-0.02,-0.03,-4022.409,0.914
 599s,89.01,-7.34m/s, 2.75m/s,  -0.87m/s, 0.00m/s,23.04,188.04,0,0.01,-4021.534,0.944
 600s,83.1,-4.48m/s, 2.86m/s,  -0.87m/s, 0.00m/s,22.82,187.82,-0.04,-0.03,-4020.659,0.974
 601s,78.41,-4.89m/s,-0.41m/s,  -0.87m/s, 0.00m/s,22.6,187.6,-0.02,0.01,-4019.784,0.974
 602s,73.32,-5.30m/s,-0.41m/s,  -0.87m/s, 0.00m/s,22.39,187.39,0.04,0.04,-4018.909,0.974
 603s,69.5,-2.34m/s, 2.96m/s,  -0.87m/s, 0.00m/s,22.16,187.16,0.03,0.01,-4018.034,1
 604s,66.96,-2.75m/s,-0.41m/s,  -0.87m/s, 0.00m/s,21.94,186.94,-0.01,-0.03,-4017.159,1
 605s,64.01,-3.15m/s,-0.41m/s,  -0.87m/s, 0.00m/s,21.72,186.72,0.01,0.01,-4016.284,1
 606s,60.65,-3.56m/s,-0.41m/s,  -0.87m/s, 0.00m/s,21.5,186.5,-0.04,-0.03,-4015.409,1
 607s,56.89,-3.96m/s,-0.41m/s,  -0.87m/s, 0.00m/s,21.28,186.28,-0.01,0.01,-4014.534,1
 608s,52.72,-4.37m/s,-0.41m/s,  -0.87m/s, 0.00m/s,21.05,186.05,0.05,0.04,-4013.659,1
 609s,48.15,-4.78m/s,-0.41m/s,  -0.87m/s, 0.00m/s,20.83,185.83,0.04,0.01,-4012.784,1
 610s,43.17,-5.18m/s,-0.41m/s,  -0.87m/s, 0.00m/s,20.61,185.61,0,-0.03,-4011.909,1
 611s,39.48,-2.19m/s, 2.99m/s,  -0.87m/s, 0.00m/s,20.39,185.39,0.02,0.01,-4011.034,1
 612s,37.08,-2.60m/s,-0.41m/s,  -0.87m/s, 0.00m/s,20.17,185.17,-0.03,-0.03,-4010.159,1
 613s,34.28,-3.01m/s,-0.41m/s,  -0.87m/s, 0.00m/s,19.94,184.94,0,0.01,-4009.284,1
 614s,31.07,-3.41m/s,-0.41m/s,  -0.87m/s, 0.00m/s,19.72,184.72,-0.05,-0.03,-4008.409,1
 615s,27.46,-3.82m/s,-0.41m/s,  -0.87m/s, 0.00m/s,19.5,184.5,-0.02,0.01,-4007.534,1
 616s,23.43,-4.22m/s,-0.41m/s,  -0.87m/s, 0.00m/s,19.28,184.28,0.04,0.04,-4006.659,1
 617s,19.01,-4.63m/s,-0.41m/s,  -0.87m/s, 0.00m/s,19.06,184.06,0.03,0.01,-4005.784,1
 618s,14.17,-5.04m/s,-0.41m/s,  -0.87m/s, 0.00m/s,18.83,183.83,-0.02,-0.03,-4004.909,1
 619s,10.65,-2.02m/s, 3.02m/s,  -0.87m/s, 0.00m/s,18.61,183.61,0.01,0.01,-4004.034,1
 620s,8.43,-2.42m/s,-0.41m/s,  -0.87m/s, 0.00m/s,18.39,183.39,-0.04,-0.03,-4003.159,1
 621s,5.8,-2.83m/s,-0.41m/s,  -0.87m/s, 0.00m/s,18.17,183.17,-0.01,0.01,-4002.284,1
 622s,2.77,-3.23m/s,-0.41m/s,  -0.87m/s, 0.00m/s,17.95,182.95,0.05,0.05,-4001.409,1
