Time,Alt,V-Speed,V-Acc,H-Speed,H-Acc,Fuel,Weight,Angle,A-Speed,A-Acc
   0s, 13748.00,-24.80m/s, 0.00m/s, 932.00m/s, 0.00m/s,121.00,286.00,58.30, 0.00, 0.000
   1s, 13723.00,-25.20m/s,-0.40m/s, 929.80m/s,-2.20m/s,120.78,285.78,58.28,-0.02,-0.017
   2s, 13697.59,-25.61m/s,-0.40m/s, 927.59m/s,-2.20m/s,120.56,285.56,58.23,-0.03,-0.017
   3s, 13671.79,-26.01m/s,-0.40m/s, 925.39m/s,-2.21m/s,120.33,285.33,58.17,-0.05,-0.017
   4s, 13645.58,-26.41m/s,-0.40m/s, 923.18m/s,-2.21m/s,120.11,285.11,58.10,-0.07,-0.017
   5s, 13618.96,-26.81m/s,-0.40m/s, 920.97m/s,-2.21m/s,119.89,284.89,58.01,-0.08,-0.017
   6s, 13591.95,-27.22m/s,-0.40m/s, 918.76m/s,-2.21m/s,119.67,284.67,57.90,-0.10,-0.017
   7s, 13564.53,-27.62m/s,-0.40m/s, 916.54m/s,-2.21m/s,119.45,284.45,57.77,-0.12,-0.017
   8s, 13536.71,-28.02m/s,-0.40m/s, 914.33m/s,-2.21m/s,119.22,284.22,57.63,-0.13,-0.017
   9s, 13508.48,-28.43m/s,-0.40m/s, 912.11m/s,-2.22m/s,119.00,284.00,57.47,-0.15,-0.017
  10s, 13479.85,-28.83m/s,-0.40m/s, 909.89m/s,-2.22m/s,118.78,283.78,57.30,-0.17,-0.017
  11s, 13450.82,-29.23m/s,-0.40m/s, 907.67m/s,-2.22m/s,118.56,283.56,57.10,-0.18,-0.017
  12s, 13421.39,-29.64m/s,-0.40m/s, 905.45m/s,-2.22m/s,118.34,283.34,56.89,-0.20,-0.017
  13s, 13391.55,-30.04m/s,-0.40m/s, 903.23m/s,-2.22m/s,118.11,283.11,56.67,-0.22,-0.017
  14s, 13361.31,-30.44m/s,-0.40m/s, 901.00m/s,-2.23m/s,117.89,282.89,56.42,-0.24,-0.017
  15s, 13330.67,-30.84m/s,-0.40m/s, 898.78m/s,-2.23m/s,117.67,282.67,56.16,-0.25,-0.017
  16s, 13299.62,-31.25m/s,-0.40m/s, 896.55m/s,-2.23m/s,117.45,282.45,55.88,-0.27,-0.017
  17s, 13268.18,-31.65m/s,-0.40m/s, 894.32m/s,-2.23m/s,117.23,282.23,55.59,-0.29,-0.017
  18s, 13236.32,-32.05m/s,-0.40m/s, 892.09m/s,-2.23m/s,117.00,282.00,55.28,-0.30,-0.017
  19s, 13204.07,-32.46m/s,-0.40m/s, 889.85m/s,-2.23m/s,116.78,281.78,54.97,-0.30, 0.000
  20s, 13171.41,-32.86m/s,-0.40m/s, 887.62m/s,-2.24m/s,116.56,281.56,54.67,-0.30, 0.000
  21s, 13138.35,-33.26m/s,-0.40m/s, 885.38m/s,-2.24m/s,116.34,281.34,54.36,-0.30, 0.000
  22s, 13104.89,-33.67m/s,-0.40m/s, 883.14m/s,-2.24m/s,116.12,281.12,54.06,-0.30, 0.000
  23s, 13071.02,-34.07m/s,-0.40m/s, 880.90m/s,-2.24m/s,115.89,280.89,53.76,-0.30, 0.000
  24s, 13036.75,-34.47m/s,-0.40m/s, 878.66m/s,-2.24m/s,115.67,280.67,53.45,-0.30, 0.000
  25s, 13002.08,-34.87m/s,-0.40m/s, 876.41m/s,-2.24m/s,115.45,280.45,53.15,-0.30, 0.000
  26s, 12967.00,-35.28m/s,-0.40m/s, 874.16m/s,-2.25m/s,115.23,280.23,52.84,-0.30, 0.000
  27s, 12931.52,-35.68m/s,-0.40m/s, 871.92m/s,-2.25m/s,115.01,280.01,52.54,-0.30, 0.000
  28s, 12895.64,-36.08m/s,-0.40m/s, 869.67m/s,-2.25m/s,114.78,279.78,52.24,-0.30, 0.000
  29s, 12859.36,-36.49m/s,-0.40m/s, 867.41m/s,-2.25m/s,114.56,279.56,51.93,-0.30, 0.000
  30s, 12822.67,-36.89m/s,-0.40m/s, 865.16m/s,-2.25m/s,114.34,279.34,51.63,-0.30, 0.000
  31s, 12785.58,-37.29m/s,-0.40m/s, 862.91m/s,-2.26m/s,114.12,279.12,51.33,-0.30, 0.000
  32s, 12748.08,-37.70m/s,-0.40m/s, 860.65m/s,-2.26m/s,113.90,278.90,51.02,-0.30, 0.000
  33s, 12710.18,-38.10m/s,-0.40m/s, 858.39m/s,-2.26m/s,113.67,278.67,50.72,-0.30, 0.000
  34s, 12671.88,-38.50m/s,-0.40m/s, 856.13m/s,-2.26m/s,113.45,278.45,50.41,-0.30, 0.000
  35s, 12633.18,-38.91m/s,-0.40m/s, 853.87m/s,-2.26m/s,113.23,278.23,50.11,-0.30, 0.000
  36s, 12594.07,-39.31m/s,-0.40m/s, 851.60m/s,-2.26m/s,113.01,278.01,49.81,-0.30, 0.000
  37s, 12554.56,-39.71m/s,-0.40m/s, 849.34m/s,-2.27m/s,112.79,277.79,49.50,-0.30, 0.000
  38s, 12514.65,-40.12m/s,-0.40m/s, 847.07m/s,-2.27m/s,112.56,277.56,49.20,-0.30, 0.000
  39s, 12474.33,-40.52m/s,-0.40m/s, 844.80m/s,-2.27m/s,112.34,277.34,48.90,-0.30, 0.000
  40s, 12433.61,-40.92m/s,-0.40m/s, 842.53m/s,-2.27m/s,112.12,277.12,48.59,-0.30, 0.000
  41s, 12392.49,-41.32m/s,-0.40m/s, 840.25m/s,-2.27m/s,111.90,276.90,48.29,-0.30, 0.000
  42s, 12350.96,-41.73m/s,-0.40m/s, 837.98m/s,-2.28m/s,111.68,276.68,47.98,-0.30, 0.000
  43s, 12309.03,-42.13m/s,-0.40m/s, 835.70m/s,-2.28m/s,111.45,276.45,47.68,-0.30, 0.000
  44s, 12266.70,-42.53m/s,-0.40m/s, 833.42m/s,-2.28m/s,111.23,276.23,47.38,-0.30, 0.000
  45s, 12223.96,-42.94m/s,-0.40m/s, 831.14m/s,-2.28m/s,111.01,276.01,47.07,-0.30, 0.000
  46s, 12180.82,-43.34m/s,-0.40m/s, 828.86m/s,-2.28m/s,110.79,275.79,46.77,-0.30, 0.000
  47s, 12137.28,-43.74m/s,-0.40m/s, 826.57m/s,-2.28m/s,110.57,275.57,46.47,-0.30, 0.000
  48s, 12093.34,-44.15m/s,-0.40m/s, 824.29m/s,-2.29m/s,110.34,275.34,46.16,-0.30, 0.000
  49s, 12048.99,-44.55m/s,-0.40m/s, 822.00m/s,-2.29m/s,110.12,275.12,45.86,-0.30, 0.000
  50s, 12004.23,-44.95m/s,-0.40m/s, 819.71m/s,-2.29m/s,109.90,274.90,45.55,-0.30, 0.000
  51s, 11959.08,-45.36m/s,-0.40m/s, 817.42m/s,-2.29m/s,109.68,274.68,45.25,-0.30, 0.000
  52s, 11913.52,-45.76m/s,-0.40m/s, 815.12m/s,-2.29m/s,109.46,274.46,44.95,-0.30, 0.000
  53s, 11867.56,-46.16m/s,-0.40m/s, 812.83m/s,-2.30m/s,109.23,274.23,44.64,-0.30, 0.000
  54s, 11821.19,-46.57m/s,-0.40m/s, 810.53m/s,-2.30m/s,109.01,274.01,44.34,-0.30, 0.000
  55s, 11774.42,-46.97m/s,-0.40m/s, 808.23m/s,-2.30m/s,108.79,273.79,44.04,-0.30, 0.000
  56s, 11727.25,-47.37m/s,-0.40m/s, 805.93m/s,-2.30m/s,108.57,273.57,43.73,-0.30, 0.000
  57s, 11679.68,-47.78m/s,-0.40m/s, 803.63m/s,-2.30m/s,108.35,273.35,43.43,-0.30, 0.000
  58s, 11631.70,-48.18m/s,-0.40m/s, 801.32m/s,-2.30m/s,108.12,273.12,43.12,-0.30, 0.000
  59s, 11583.31,-48.58m/s,-0.40m/s, 799.02m/s,-2.31m/s,107.90,272.90,42.82,-0.30, 0.000
  60s, 11534.53,-48.99m/s,-0.40m/s, 796.71m/s,-2.31m/s,107.68,272.68,42.52,-0.30, 0.000
  61s, 11485.34,-49.39m/s,-0.40m/s, 794.40m/s,-2.31m/s,107.46,272.46,42.21,-0.30, 0.000
  62s, 11435.75,-49.79m/s,-0.40m/s, 792.09m/s,-2.31m/s,107.24,272.24,41.91,-0.30, 0.000
  63s, 11385.75,-50.20m/s,-0.40m/s, 789.77m/s,-2.31m/s,107.01,272.01,41.61,-0.30, 0.000
  64s, 11335.35,-50.60m/s,-0.40m/s, 787.46m/s,-2.32m/s,106.79,271.79,41.30,-0.30, 0.000
  65s, 11284.55,-51.00m/s,-0.40m/s, 785.14m/s,-2.32m/s,106.57,271.57,41.00,-0.30, 0.000
  66s, 11233.34,-51.41m/s,-0.40m/s, 782.82m/s,-2.32m/s,106.35,271.35,40.69,-0.30, 0.000
  67s, 11181.73,-51.81m/s,-0.40m/s, 780.50m/s,-2.32m/s,106.13,271.13,40.39,-0.30, 0.000
  68s, 11129.72,-52.22m/s,-0.40m/s, 778.17m/s,-2.32m/s,105.90,270.90,40.09,-0.30, 0.000
  69s, 11077.30,-52.62m/s,-0.40m/s, 775.85m/s,-2.33m/s,105.68,270.68,39.78,-0.30, 0.000
  70s, 11024.48,-53.02m/s,-0.40m/s, 773.52m/s,-2.33m/s,105.46,270.46,39.48,-0.30, 0.000
  71s, 10971.26,-53.43m/s,-0.40m/s, 771.19m/s,-2.33m/s,105.24,270.24,39.18,-0.30, 0.000
  72s, 10917.63,-53.83m/s,-0.40m/s, 768.86m/s,-2.33m/s,105.02,270.02,38.87,-0.30, 0.000
  73s, 10863.60,-54.23m/s,-0.40m/s, 766.53m/s,-2.33m/s,104.79,269.79,38.57,-0.30, 0.000
  74s, 10809.16,-54.64m/s,-0.40m/s, 764.19m/s,-2.34m/s,104.57,269.57,38.26,-0.30, 0.000
  75s, 10754.33,-55.04m/s,-0.40m/s, 761.85m/s,-2.34m/s,104.35,269.35,37.96,-0.30, 0.000
  76s, 10699.08,-55.44m/s,-0.40m/s, 759.52m/s,-2.34m/s,104.13,269.13,37.66,-0.30, 0.000
  77s, 10643.44,-55.85m/s,-0.40m/s, 757.17m/s,-2.34m/s,103.91,268.91,37.35,-0.30, 0.000
  78s, 10587.39,-56.25m/s,-0.40m/s, 754.83m/s,-2.34m/s,103.68,268.68,37.05,-0.30, 0.000
  79s, 10530.94,-56.65m/s,-0.40m/s, 752.49m/s,-2.34m/s,103.46,268.46,36.75,-0.30, 0.000
  80s, 10474.08,-57.06m/s,-0.40m/s, 750.14m/s,-2.35m/s,103.24,268.24,36.44,-0.30, 0.000
  81s, 10416.82,-57.46m/s,-0.40m/s, 747.79m/s,-2.35m/s,103.02,268.02,36.14,-0.30, 0.000
  82s, 10359.16,-57.87m/s,-0.40m/s, 745.44m/s,-2.35m/s,102.80,267.80,35.83,-0.30, 0.000
  83s, 10301.09,-58.27m/s,-0.40m/s, 743.09m/s,-2.35m/s,102.57,267.57,35.53,-0.30, 0.000
  84s, 10242.62,-58.67m/s,-0.40m/s, 740.73m/s,-2.35m/s,102.35,267.35,35.23,-0.30, 0.000
  85s, 10183.75,-59.08m/s,-0.40m/s, 738.38m/s,-2.36m/s,102.13,267.13,34.92,-0.30, 0.000
  86s, 10124.47,-59.48m/s,-0.40m/s, 736.02m/s,-2.36m/s,101.91,266.91,34.62,-0.30, 0.000
  87s, 10064.79,-59.88m/s,-0.40m/s, 733.66m/s,-2.36m/s,101.69,266.69,34.32,-0.30, 0.000
  88s, 10004.70,-60.29m/s,-0.40m/s, 731.30m/s,-2.36m/s,101.46,266.46,34.01,-0.30, 0.000
  89s,  9944.21,-60.69m/s,-0.40m/s, 728.93m/s,-2.36m/s,101.24,266.24,33.71,-0.30, 0.000
  90s,  9884.50,-58.73m/s, 1.96m/s, 726.57m/s,-2.37m/s,101.02,266.02,33.40,-0.30, 0.000
  91s,  9826.75,-56.76m/s, 1.96m/s, 724.20m/s,-2.37m/s,100.80,265.80,33.10,-0.30, 0.000
  92s,  9770.97,-54.80m/s, 1.97m/s, 721.83m/s,-2.37m/s,100.58,265.58,32.80,-0.30, 0.000
  93s,  9717.16,-52.83m/s, 1.97m/s, 719.45m/s,-2.37m/s,100.35,265.35,32.49,-0.30, 0.000
  94s,  9665.31,-50.86m/s, 1.97m/s, 717.08m/s,-2.37m/s,100.13,265.13,32.19,-0.30, 0.000
  95s,  9615.44,-48.89m/s, 1.97m/s, 714.70m/s,-2.38m/s,99.91,264.91,31.89,-0.30, 0.000
  96s,  9566.35,-49.29m/s,-0.40m/s, 712.33m/s,-2.38m/s,99.69,264.69,31.58,-0.30, 0.000
  97s,  9516.86,-49.69m/s,-0.40m/s, 709.95m/s,-2.38m/s,99.47,264.47,31.28,-0.30, 0.000
  98s,  9466.96,-50.10m/s,-0.40m/s, 707.56m/s,-2.38m/s,99.24,264.24,30.97,-0.30, 0.000
  99s,  9417.85,-48.12m/s, 1.98m/s, 705.18m/s,-2.38m/s,99.02,264.02,30.67,-0.30, 0.000
 100s,  9369.53,-48.52m/s,-0.40m/s, 702.79m/s,-2.39m/s,98.80,263.80,30.37,-0.30, 0.000
 101s,  9320.81,-48.93m/s,-0.40m/s, 700.41m/s,-2.39m/s,98.58,263.58,30.06,-0.30, 0.000
 102s,  9271.68,-49.33m/s,-0.40m/s, 698.02m/s,-2.39m/s,98.36,263.36,29.76,-0.30, 0.000
 103s,  9222.15,-49.73m/s,-0.40m/s, 695.62m/s,-2.39m/s,98.13,263.13,29.45,-0.30, 0.000
 104s,  9172.21,-50.14m/s,-0.40m/s, 693.23m/s,-2.39m/s,97.91,262.91,29.15,-0.30, 0.000
 105s,  9123.07,-48.15m/s, 1.99m/s, 690.83m/s,-2.40m/s,97.69,262.69,28.85,-0.30, 0.000
 106s,  9074.72,-48.55m/s,-0.40m/s, 688.43m/s,-2.40m/s,97.47,262.47,28.54,-0.30, 0.000
 107s,  9025.97,-48.95m/s,-0.40m/s, 686.03m/s,-2.40m/s,97.25,262.25,28.24,-0.30, 0.000
 108s,  8976.82,-49.36m/s,-0.40m/s, 683.63m/s,-2.40m/s,97.02,262.02,27.94,-0.30, 0.000
 109s,  8927.26,-49.76m/s,-0.40m/s, 681.23m/s,-2.40m/s,96.80,261.80,27.63,-0.30, 0.000
 110s,  8877.29,-50.17m/s,-0.40m/s, 678.82m/s,-2.41m/s,96.58,261.58,27.33,-0.30, 0.000
 111s,  8828.13,-48.16m/s, 2.00m/s, 676.41m/s,-2.41m/s,96.36,261.36,27.02,-0.30, 0.000
 112s,  8779.77,-48.57m/s,-0.40m/s, 674.00m/s,-2.41m/s,96.14,261.14,26.72,-0.30, 0.000
 113s,  8731.00,-48.97m/s,-0.40m/s, 671.59m/s,-2.41m/s,95.91,260.91,26.42,-0.30, 0.000
 114s,  8681.83,-49.37m/s,-0.40m/s, 669.18m/s,-2.41m/s,95.69,260.69,26.11,-0.30, 0.000
 115s,  8632.25,-49.78m/s,-0.40m/s, 666.76m/s,-2.42m/s,95.47,260.47,25.81,-0.30, 0.000
 116s,  8582.27,-50.18m/s,-0.40m/s, 664.34m/s,-2.42m/s,95.25,260.25,25.51,-0.30, 0.000
 117s,  8533.10,-48.16m/s, 2.02m/s, 661.92m/s,-2.42m/s,95.03,260.03,25.20,-0.30, 0.000
 118s,  8484.73,-48.57m/s,-0.40m/s, 659.50m/s,-2.42m/s,94.80,259.80,24.90,-0.30, 0.000
 119s,  8435.96,-48.97m/s,-0.40m/s, 657.07m/s,-2.42m/s,94.58,259.58,24.59,-0.30, 0.000
 120s,  8386.79,-49.38m/s,-0.40m/s, 654.64m/s,-2.43m/s,94.36,259.36,24.29,-0.30, 0.000
 121s,  8337.21,-49.78m/s,-0.40m/s, 652.22m/s,-2.43m/s,94.14,259.14,23.99,-0.30, 0.000
 122s,  8287.22,-50.19m/s,-0.40m/s, 649.78m/s,-2.43m/s,93.92,258.92,23.68,-0.30, 0.000
 123s,  8238.05,-48.16m/s, 2.03m/s, 647.35m/s,-2.43m/s,93.69,258.69,23.38,-0.30, 0.000
 124s,  8189.69,-48.56m/s,-0.40m/s, 644.92m/s,-2.44m/s,93.47,258.47,23.08,-0.30, 0.000
 125s,  8140.93,-48.96m/s,-0.40m/s, 642.48m/s,-2.44m/s,93.25,258.25,22.77,-0.30, 0.000
 126s,  8091.76,-49.37m/s,-0.40m/s, 640.04m/s,-2.44m/s,93.03,258.03,22.47,-0.30, 0.000
 127s,  8042.19,-49.77m/s,-0.40m/s, 637.60m/s,-2.44m/s,92.81,257.81,22.16,-0.30, 0.000
 128s,  7992.22,-50.18m/s,-0.40m/s, 635.15m/s,-2.44m/s,92.58,257.58,21.86,-0.30, 0.000
 129s,  7943.06,-48.14m/s, 2.04m/s, 632.71m/s,-2.45m/s,92.36,257.36,21.56,-0.30, 0.000
 130s,  7894.72,-48.54m/s,-0.40m/s, 630.26m/s,-2.45m/s,92.14,257.14,21.25,-0.30, 0.000
 131s,  7845.98,-48.94m/s,-0.40m/s, 627.81m/s,-2.45m/s,91.92,256.92,20.95,-0.30, 0.000
 132s,  7796.83,-49.35m/s,-0.40m/s, 625.36m/s,-2.45m/s,91.70,256.70,20.65,-0.30, 0.000
 133s,  7747.28,-49.75m/s,-0.40m/s, 622.90m/s,-2.45m/s,91.47,256.47,20.34,-0.30, 0.000
 134s,  7697.33,-50.16m/s,-0.40m/s, 620.45m/s,-2.46m/s,91.25,256.25,20.04,-0.30, 0.000
 135s,  7648.20,-48.10m/s, 2.05m/s, 617.99m/s,-2.46m/s,91.03,256.03,19.73,-0.30, 0.000
 136s,  7599.89,-48.51m/s,-0.40m/s, 615.53m/s,-2.46m/s,90.81,255.81,19.43,-0.30, 0.000
 137s,  7551.18,-48.91m/s,-0.40m/s, 613.06m/s,-2.46m/s,90.59,255.59,19.13,-0.30, 0.000
 138s,  7502.07,-49.32m/s,-0.40m/s, 610.60m/s,-2.46m/s,90.36,255.36,18.82,-0.30, 0.000
 139s,  7452.55,-49.72m/s,-0.40m/s, 608.13m/s,-2.47m/s,90.14,255.14,18.52,-0.30, 0.000
 140s,  7402.63,-50.12m/s,-0.40m/s, 605.66m/s,-2.47m/s,89.92,254.92,18.22,-0.30, 0.000
 141s,  7353.54,-48.06m/s, 2.07m/s, 603.19m/s,-2.47m/s,89.70,254.70,17.91,-0.30, 0.000
 142s,  7305.28,-48.46m/s,-0.40m/s, 600.72m/s,-2.47m/s,89.48,254.48,17.61,-0.30, 0.000
 143s,  7256.61,-48.87m/s,-0.40m/s, 598.24m/s,-2.48m/s,89.25,254.25,17.30,-0.30, 0.000
 144s,  7207.54,-49.27m/s,-0.40m/s, 595.77m/s,-2.48m/s,89.03,254.03,17.00,-0.30, 0.000
 145s,  7158.07,-49.68m/s,-0.40m/s, 593.29m/s,-2.48m/s,88.81,253.81,16.70,-0.30, 0.000
 146s,  7108.19,-50.08m/s,-0.40m/s, 590.80m/s,-2.48m/s,88.59,253.59,16.39,-0.30, 0.000
 147s,  7059.15,-48.00m/s, 2.08m/s, 588.32m/s,-2.48m/s,88.37,253.37,16.09,-0.30, 0.000
 148s,  7010.95,-48.40m/s,-0.40m/s, 585.83m/s,-2.49m/s,88.14,253.14,15.79,-0.30, 0.000
 149s,  6962.35,-48.81m/s,-0.40m/s, 583.34m/s,-2.49m/s,87.92,252.92,15.48,-0.30, 0.000
 150s,  6913.33,-49.21m/s,-0.40m/s, 580.85m/s,-2.49m/s,87.70,252.70,15.18,-0.30, 0.000
 151s,  6863.92,-49.62m/s,-0.40m/s, 578.36m/s,-2.49m/s,87.48,252.48,14.87,-0.30, 0.000
 152s,  6814.10,-50.02m/s,-0.40m/s, 575.86m/s,-2.50m/s,87.26,252.26,14.57,-0.30, 0.000
 153s,  6765.12,-47.93m/s, 2.09m/s, 573.37m/s,-2.50m/s,87.03,252.03,14.27,-0.30, 0.000
 154s,  6716.99,-48.33m/s,-0.40m/s, 570.87m/s,-2.50m/s,86.81,251.81,13.96,-0.30, 0.000
 155s,  6668.46,-48.74m/s,-0.40m/s, 568.37m/s,-2.50m/s,86.59,251.59,13.66,-0.30, 0.000
 156s,  6619.51,-49.14m/s,-0.40m/s, 565.86m/s,-2.50m/s,86.37,251.37,13.36,-0.30, 0.000
 157s,  6570.17,-49.55m/s,-0.40m/s, 563.35m/s,-2.51m/s,86.15,251.15,13.05,-0.30, 0.000
 158s,  6520.42,-49.95m/s,-0.40m/s, 560.85m/s,-2.51m/s,85.92,250.92,12.75,-0.30, 0.000
 159s,  6470.27,-50.36m/s,-0.40m/s, 558.34m/s,-2.51m/s,85.70,250.70,12.44,-0.30, 0.000
 160s,  6420.96,-48.25m/s, 2.11m/s, 555.82m/s,-2.51m/s,85.48,250.48,12.14,-0.30, 0.000
 161s,  6372.51,-48.65m/s,-0.40m/s, 553.31m/s,-2.52m/s,85.26,250.26,11.84,-0.30, 0.000
 162s,  6323.66,-49.06m/s,-0.40m/s, 550.79m/s,-2.52m/s,85.04,250.04,11.53,-0.30, 0.000
 163s,  6274.40,-49.46m/s,-0.40m/s, 548.27m/s,-2.52m/s,84.81,249.81,11.23,-0.30, 0.000
 164s,  6224.73,-49.87m/s,-0.40m/s, 545.75m/s,-2.52m/s,84.59,249.59,10.93,-0.30, 0.000
 165s,  6174.66,-50.27m/s,-0.40m/s, 543.22m/s,-2.52m/s,84.37,249.37,10.62,-0.30, 0.000
 166s,  6125.45,-48.15m/s, 2.12m/s, 540.70m/s,-2.53m/s,84.15,249.15,10.32,-0.30, 0.000
 167s,  6077.10,-48.55m/s,-0.40m/s, 538.17m/s,-2.53m/s,83.93,248.93,10.01,-0.30, 0.000
 168s,  6028.35,-48.96m/s,-0.40m/s, 535.64m/s,-2.53m/s,83.70,248.70, 9.71,-0.30, 0.000
 169s,  5979.18,-49.36m/s,-0.40m/s, 533.11m/s,-2.53m/s,83.48,248.48, 9.41,-0.30, 0.000
 170s,  5929.62,-49.77m/s,-0.40m/s, 530.57m/s,-2.54m/s,83.26,248.26, 9.10,-0.30, 0.000
 171s,  5879.65,-50.17m/s,-0.40m/s, 528.03m/s,-2.54m/s,83.04,248.04, 8.80,-0.30, 0.000
 172s,  5830.54,-48.04m/s, 2.14m/s, 525.49m/s,-2.54m/s,82.82,247.82, 8.49,-0.30, 0.000
 173s,  5782.30,-48.44m/s,-0.40m/s, 522.95m/s,-2.54m/s,82.59,247.59, 8.19,-0.30, 0.000
 174s,  5733.66,-48.85m/s,-0.40m/s, 520.41m/s,-2.54m/s,82.37,247.37, 7.89,-0.30, 0.000
 175s,  5684.61,-49.25m/s,-0.40m/s, 517.86m/s,-2.55m/s,82.15,247.15, 7.58,-0.30, 0.000
 176s,  5635.15,-49.66m/s,-0.40m/s, 515.31m/s,-2.55m/s,81.93,246.93, 7.28,-0.30, 0.000
 177s,  5585.29,-50.06m/s,-0.40m/s, 512.76m/s,-2.55m/s,81.71,246.71, 6.98,-0.30, 0.000
 178s,  5536.31,-47.91m/s, 2.15m/s, 510.20m/s,-2.55m/s,81.48,246.48, 6.67,-0.30, 0.000
 179s,  5488.19,-48.32m/s,-0.40m/s, 507.65m/s,-2.56m/s,81.26,246.26, 6.37,-0.30, 0.000
 180s,  5439.67,-48.72m/s,-0.40m/s, 505.09m/s,-2.56m/s,81.04,246.04, 6.06,-0.30, 0.000
 181s,  5390.75,-49.13m/s,-0.40m/s, 502.53m/s,-2.56m/s,80.82,245.82, 5.76,-0.30, 0.000
 182s,  5341.42,-49.53m/s,-0.40m/s, 499.97m/s,-2.56m/s,80.60,245.60, 5.46,-0.30, 0.000
 183s,  5291.68,-49.94m/s,-0.40m/s, 497.40m/s,-2.57m/s,80.37,245.37, 5.15,-0.30, 0.000
 184s,  5241.54,-50.34m/s,-0.40m/s, 494.83m/s,-2.57m/s,80.15,245.15, 4.85,-0.30, 0.000
 185s,  5192.28,-48.18m/s, 2.16m/s, 492.26m/s,-2.57m/s,79.93,244.93, 4.55,-0.30, 0.000
 186s,  5143.91,-48.58m/s,-0.40m/s, 489.69m/s,-2.57m/s,79.71,244.71, 4.24,-0.30, 0.000
 187s,  5095.12,-48.99m/s,-0.40m/s, 487.12m/s,-2.57m/s,79.49,244.49, 3.94,-0.30, 0.000
 188s,  5045.93,-49.39m/s,-0.40m/s, 484.54m/s,-2.58m/s,79.26,244.26, 3.63,-0.30, 0.000
 189s,  4996.34,-49.80m/s,-0.40m/s, 481.96m/s,-2.58m/s,79.04,244.04, 3.33,-0.30, 0.000
 190s,  4946.34,-50.20m/s,-0.40m/s, 479.38m/s,-2.58m/s,78.82,243.82, 3.03,-0.30, 0.000
 191s,  4897.23,-48.02m/s, 2.18m/s, 476.80m/s,-2.58m/s,78.60,243.60, 2.72,-0.30, 0.000
 192s,  4849.00,-48.43m/s,-0.40m/s, 474.21m/s,-2.59m/s,78.38,243.38, 2.42,-0.30, 0.000
 193s,  4800.37,-48.83m/s,-0.40m/s, 471.62m/s,-2.59m/s,78.15,243.15, 2.12,-0.30, 0.000
 194s,  4751.34,-49.24m/s,-0.40m/s, 469.03m/s,-2.59m/s,77.93,242.93, 1.81,-0.30, 0.000
 195s,  4701.90,-49.64m/s,-0.40m/s, 466.44m/s,-2.59m/s,77.71,242.71, 1.51,-0.30, 0.000
 196s,  4652.05,-50.05m/s,-0.40m/s, 463.84m/s,-2.60m/s,77.49,242.49, 1.20,-0.30, 0.000
 197s,  4603.10,-47.85m/s, 2.19m/s, 461.24m/s,-2.60m/s,77.27,242.27, 0.90,-0.30, 0.000
 198s,  4555.05,-48.26m/s,-0.41m/s, 458.64m/s,-2.60m/s,77.04,242.04, 0.60,-0.30, 0.000
 199s,  4506.58,-48.66m/s,-0.41m/s, 456.04m/s,-2.60m/s,76.82,241.82, 0.29,-0.30, 0.000
 200s,  4457.72,-49.07m/s,-0.41m/s, 453.44m/s,-2.61m/s,76.60,241.60,-0.01,-0.30, 0.000
 201s,  4408.45,-49.47m/s,-0.41m/s, 450.83m/s,-2.61m/s,76.38,241.38,-0.28,-0.28, 0.023
 202s,  4358.77,-49.88m/s,-0.41m/s, 448.22m/s,-2.61m/s,76.16,241.16,-0.52,-0.26, 0.023
 203s,  4308.69,-50.28m/s,-0.41m/s, 445.61m/s,-2.61m/s,75.93,240.93,-0.75,-0.23, 0.023
 204s,  4259.51,-48.07m/s, 2.21m/s, 442.99m/s,-2.61m/s,75.71,240.71,-0.94,-0.21, 0.023
 205s,  4211.23,-48.48m/s,-0.41m/s, 440.37m/s,-2.62m/s,75.49,240.49,-1.12,-0.19, 0.024
 206s,  4162.55,-48.88m/s,-0.41m/s, 437.75m/s,-2.62m/s,75.27,240.27,-1.27,-0.16, 0.024
 207s,  4113.46,-49.29m/s,-0.41m/s, 435.13m/s,-2.62m/s,75.05,240.05,-1.40,-0.14, 0.024
 208s,  4063.97,-49.70m/s,-0.41m/s, 432.51m/s,-2.62m/s,74.82,239.82,-1.50,-0.12, 0.024
 209s,  4014.07,-50.10m/s,-0.41m/s, 429.88m/s,-2.63m/s,74.60,239.60,-1.58,-0.09, 0.024
 210s,  3965.08,-47.88m/s, 2.22m/s, 427.25m/s,-2.63m/s,74.38,239.38,-1.64,-0.07, 0.024
 211s,  3917.00,-48.28m/s,-0.41m/s, 424.62m/s,-2.63m/s,74.16,239.16,-1.67,-0.04, 0.024
 212s,  3868.52,-48.69m/s,-0.41m/s, 421.98m/s,-2.63m/s,73.94,238.94,-1.68,-0.02, 0.024
 213s,  3819.63,-49.09m/s,-0.41m/s, 419.35m/s,-2.64m/s,73.71,238.71,-1.67, 0.00, 0.024
 214s,  3770.33,-49.50m/s,-0.41m/s, 416.71m/s,-2.64m/s,73.49,238.49,-1.63, 0.03, 0.024
 215s,  3720.63,-49.90m/s,-0.41m/s, 414.07m/s,-2.64m/s,73.27,238.27,-1.57, 0.05, 0.024
 216s,  3670.53,-50.31m/s,-0.41m/s, 411.42m/s,-2.64m/s,73.05,238.05,-1.48, 0.07, 0.024
 217s,  3621.34,-48.07m/s, 2.24m/s, 408.78m/s,-2.65m/s,72.83,237.83,-1.37, 0.10, 0.024
 218s,  3573.07,-48.47m/s,-0.41m/s, 406.13m/s,-2.65m/s,72.60,237.60,-1.23, 0.12, 0.024
 219s,  3524.40,-48.88m/s,-0.41m/s, 403.48m/s,-2.65m/s,72.38,237.38,-1.07, 0.15, 0.024
 220s,  3475.32,-49.28m/s,-0.41m/s, 400.82m/s,-2.65m/s,72.16,237.16,-0.89, 0.17, 0.024
 221s,  3425.84,-49.69m/s,-0.41m/s, 398.17m/s,-2.66m/s,71.94,236.94,-0.68, 0.20, 0.024
 222s,  3375.95,-50.09m/s,-0.41m/s, 395.51m/s,-2.66m/s,71.72,236.72,-0.45, 0.22, 0.024
 223s,  3326.98,-47.84m/s, 2.26m/s, 392.85m/s,-2.66m/s,71.49,236.49,-0.19, 0.24, 0.024
 224s,  3278.94,-48.24m/s,-0.41m/s, 390.18m/s,-2.66m/s,71.27,236.27, 0.09, 0.27, 0.024
 225s,  3230.50,-48.65m/s,-0.41m/s, 387.52m/s,-2.67m/s,71.05,236.05, 0.32, 0.24,-0.024
 226s,  3181.65,-49.05m/s,-0.41m/s, 384.85m/s,-2.67m/s,70.83,235.83, 0.53, 0.22,-0.024
 227s,  3132.39,-49.46m/s,-0.41m/s, 382.17m/s,-2.67m/s,70.61,235.61, 0.71, 0.20,-0.024
 228s,  3082.73,-49.86m/s,-0.41m/s, 379.50m/s,-2.67m/s,70.38,235.38, 0.87, 0.17,-0.025
 229s,  3032.67,-50.27m/s,-0.41m/s, 376.82m/s,-2.68m/s,70.16,235.16, 1.00, 0.15,-0.025
 230s,  2983.54,-47.99m/s, 2.27m/s, 374.15m/s,-2.68m/s,69.94,234.94, 1.11, 0.12,-0.025
 231s,  2935.34,-48.40m/s,-0.41m/s, 371.46m/s,-2.68m/s,69.72,234.72, 1.19, 0.10,-0.025
 232s,  2886.74,-48.81m/s,-0.41m/s, 368.78m/s,-2.68m/s,69.50,234.50, 1.25, 0.07,-0.025
 233s,  2837.73,-49.21m/s,-0.41m/s, 366.09m/s,-2.69m/s,69.27,234.27, 1.29, 0.05,-0.025
 234s,  2788.31,-49.62m/s,-0.41m/s, 363.40m/s,-2.69m/s,69.05,234.05, 1.30, 0.02,-0.025
 235s,  2738.49,-50.02m/s,-0.41m/s, 360.71m/s,-2.69m/s,68.83,233.83, 1.28,-0.00,-0.025
 236s,  2689.62,-47.73m/s, 2.29m/s, 358.02m/s,-2.69m/s,68.61,233.61, 1.24,-0.03,-0.025
 237s,  2641.68,-48.14m/s,-0.41m/s, 355.32m/s,-2.70m/s,68.39,233.39, 1.18,-0.05,-0.025
 238s,  2593.34,-48.54m/s,-0.41m/s, 352.62m/s,-2.70m/s,68.16,233.16, 1.09,-0.08,-0.025
 239s,  2544.59,-48.95m/s,-0.41m/s, 349.92m/s,-2.70m/s,67.94,232.94, 0.97,-0.10,-0.025
 240s,  2495.44,-49.36m/s,-0.41m/s, 347.22m/s,-2.70m/s,67.72,232.72, 0.83,-0.13,-0.025
 241s,  2445.88,-49.76m/s,-0.41m/s, 344.51m/s,-2.71m/s,67.50,232.50, 0.67,-0.15,-0.025
 242s,  2395.92,-50.17m/s,-0.41m/s, 341.80m/s,-2.71m/s,67.28,232.28, 0.48,-0.18,-0.025
 243s,  2346.91,-47.86m/s, 2.31m/s, 339.09m/s,-2.71m/s,67.05,232.05, 0.26,-0.20,-0.025
 244s,  2298.85,-48.26m/s,-0.41m/s, 336.37m/s,-2.71m/s,66.83,231.83, 0.02,-0.23,-0.025
 245s,  2250.38,-48.67m/s,-0.41m/s, 333.65m/s,-2.72m/s,66.61,231.61,-0.25,-0.25,-0.025
 246s,  2201.50,-49.08m/s,-0.41m/s, 330.93m/s,-2.72m/s,66.39,231.39,-0.46,-0.23, 0.025
 247s,  2152.23,-49.48m/s,-0.41m/s, 328.21m/s,-2.72m/s,66.17,231.17,-0.65,-0.20, 0.025
 248s,  2102.54,-49.89m/s,-0.41m/s, 325.49m/s,-2.73m/s,65.94,230.94,-0.82,-0.18, 0.025
 249s,  2052.45,-50.29m/s,-0.41m/s, 322.76m/s,-2.73m/s,65.72,230.72,-0.96,-0.15, 0.026
 250s,  2003.32,-47.97m/s, 2.32m/s, 320.03m/s,-2.73m/s,65.50,230.50,-1.07,-0.13, 0.026
 251s,  1955.15,-48.37m/s,-0.41m/s, 317.29m/s,-2.73m/s,65.28,230.28,-1.16,-0.10, 0.026
 252s,  1906.57,-48.78m/s,-0.41m/s, 314.56m/s,-2.74m/s,65.06,230.06,-1.22,-0.08, 0.026
 253s,  1857.59,-49.18m/s,-0.41m/s, 311.82m/s,-2.74m/s,64.83,229.83,-1.26,-0.05, 0.026
 254s,  1808.20,-49.59m/s,-0.41m/s, 309.08m/s,-2.74m/s,64.61,229.61,-1.27,-0.02, 0.026
 255s,  1758.41,-50.00m/s,-0.41m/s, 306.33m/s,-2.74m/s,64.39,229.39,-1.25, 0.00, 0.026
 256s,  1708.21,-50.40m/s,-0.41m/s, 303.59m/s,-2.75m/s,64.17,229.17,-1.21, 0.03, 0.026
 257s,  1658.98,-48.06m/s, 2.34m/s, 300.84m/s,-2.75m/s,63.95,228.95,-1.14, 0.05, 0.026
 258s,  1610.72,-48.46m/s,-0.41m/s, 298.09m/s,-2.75m/s,63.72,228.72,-1.05, 0.08, 0.026
 259s,  1562.05,-48.87m/s,-0.41m/s, 295.33m/s,-2.75m/s,63.50,228.50,-0.93, 0.11, 0.026
 260s,  1512.98,-49.28m/s,-0.41m/s, 292.58m/s,-2.76m/s,63.28,228.28,-0.79, 0.13, 0.026
 261s,  1463.50,-49.68m/s,-0.41m/s, 289.82m/s,-2.76m/s,63.06,228.06,-0.61, 0.16, 0.026
 262s,  1413.62,-50.09m/s,-0.41m/s, 287.05m/s,-2.76m/s,62.84,227.84,-0.42, 0.18, 0.026
 263s,  1364.71,-47.73m/s, 2.36m/s, 284.29m/s,-2.77m/s,62.61,227.61,-0.19, 0.21, 0.026
 264s,  1316.78,-48.13m/s,-0.41m/s, 281.52m/s,-2.77m/s,62.39,227.39, 0.06, 0.24, 0.026
 265s,  1268.44,-48.54m/s,-0.41m/s, 278.75m/s,-2.77m/s,62.17,227.17, 0.25, 0.21,-0.026
 266s,  1219.70,-48.95m/s,-0.41m/s, 275.98m/s,-2.77m/s,61.95,226.95, 0.43, 0.18,-0.026
 267s,  1170.55,-49.35m/s,-0.41m/s, 273.20m/s,-2.78m/s,61.73,226.73, 0.57, 0.16,-0.026
 268s,  1121.00,-49.76m/s,-0.41m/s, 270.42m/s,-2.78m/s,61.50,226.50, 0.69, 0.13,-0.026
 269s,  1071.04,-50.16m/s,-0.41m/s, 267.64m/s,-2.78m/s,61.28,226.28, 0.78, 0.10,-0.027
 270s,  1022.07,-47.78m/s, 2.38m/s, 264.86m/s,-2.78m/s,61.06,226.06, 0.85, 0.08,-0.027
 271s,   974.08,-48.19m/s,-0.41m/s, 262.07m/s,-2.79m/s,60.84,225.84, 0.88, 0.05,-0.027
 272s,   927.08,-45.81m/s, 2.38m/s, 259.28m/s,-2.79m/s,60.62,225.62, 0.90, 0.02,-0.027
 273s,   882.47,-43.42m/s, 2.39m/s, 256.49m/s,-2.79m/s,60.39,225.39, 0.88,-0.00,-0.027
 274s,   840.24,-41.03m/s, 2.39m/s, 253.69m/s,-2.80m/s,60.17,225.17, 0.84,-0.03,-0.027
 275s,   800.41,-38.64m/s, 2.39m/s, 250.90m/s,-2.80m/s,59.95,224.95, 0.77,-0.06,-0.027
 276s,   762.97,-36.24m/s, 2.39m/s, 248.09m/s,-2.80m/s,59.73,224.73, 0.67,-0.08,-0.027
 277s,   727.92,-33.85m/s, 2.40m/s, 245.29m/s,-2.80m/s,59.51,224.51, 0.55,-0.11,-0.027
 278s,   695.28,-31.45m/s, 2.40m/s, 242.49m/s,-2.81m/s,59.28,224.28, 0.40,-0.14,-0.027
 279s,   665.03,-29.04m/s, 2.40m/s, 239.68m/s,-2.81m/s,59.06,224.06, 0.22,-0.16,-0.027
 280s,   637.19,-26.64m/s, 2.41m/s, 236.86m/s,-2.81m/s,58.84,223.84, 0.02,-0.19,-0.027
 281s,   611.76,-24.23m/s, 2.41m/s, 234.05m/s,-2.81m/s,58.62,223.62,-0.21,-0.22,-0.027
 282s,   588.73,-21.82m/s, 2.41m/s, 231.23m/s,-2.82m/s,58.40,223.40,-0.39,-0.19, 0.027
 283s,   568.12,-19.40m/s, 2.41m/s, 228.41m/s,-2.82m/s,58.17,223.17,-0.54,-0.16, 0.027
 284s,   549.93,-16.99m/s, 2.42m/s, 225.59m/s,-2.82m/s,57.95,222.95,-0.66,-0.14, 0.027
 285s,   534.15,-14.57m/s, 2.42m/s, 222.76m/s,-2.83m/s,57.73,222.73,-0.76,-0.11, 0.027
 286s,   520.80,-12.14m/s, 2.42m/s, 219.94m/s,-2.83m/s,57.51,222.51,-0.82,-0.08, 0.027
 287s,   509.87,-9.72m/s, 2.43m/s, 217.10m/s,-2.83m/s,57.29,222.29,-0.86,-0.05, 0.028
 288s,   499.94,-10.12m/s,-0.41m/s, 214.27m/s,-2.83m/s,57.06,222.06,-0.88,-0.03, 0.028
 289s,   491.03,-7.69m/s, 2.43m/s, 211.43m/s,-2.84m/s,56.84,221.84,-0.86, 0.00, 0.028
 290s,   483.14,-8.10m/s,-0.41m/s, 208.59m/s,-2.84m/s,56.62,221.62,-0.82, 0.03, 0.028
 291s,   474.83,-8.51m/s,-0.41m/s, 205.75m/s,-2.84m/s,56.40,221.40,-0.75, 0.06, 0.028
 292s,   466.13,-8.91m/s,-0.41m/s, 202.90m/s,-2.85m/s,56.18,221.18,-0.65, 0.08, 0.028
 293s,   457.01,-9.32m/s,-0.41m/s, 200.06m/s,-2.85m/s,55.95,220.95,-0.52, 0.11, 0.028
 294s,   447.49,-9.72m/s,-0.41m/s, 197.20m/s,-2.85m/s,55.73,220.73,-0.37, 0.14, 0.028
 295s,   437.56,-10.13m/s,-0.41m/s, 194.35m/s,-2.85m/s,55.51,220.51,-0.18, 0.17, 0.028
 296s,   428.66,-7.68m/s, 2.45m/s, 191.49m/s,-2.86m/s,55.29,220.29, 0.03, 0.20, 0.028
 297s,   420.78,-8.08m/s,-0.41m/s, 188.63m/s,-2.86m/s,55.07,220.07, 0.18, 0.17,-0.028
 298s,   412.49,-8.49m/s,-0.41m/s, 185.77m/s,-2.86m/s,54.84,219.84, 0.31, 0.14,-0.028
 299s,   403.80,-8.90m/s,-0.41m/s, 182.91m/s,-2.87m/s,54.62,219.62, 0.41, 0.11,-0.028
 300s,   394.70,-9.30m/s,-0.41m/s, 180.04m/s,-2.87m/s,54.40,219.40, 0.48, 0.08,-0.028
 301s,   385.19,-9.71m/s,-0.41m/s, 177.17m/s,-2.87m/s,54.18,219.18, 0.52, 0.06,-0.028
 302s,   375.28,-10.11m/s,-0.41m/s, 174.29m/s,-2.87m/s,53.96,218.96, 0.53, 0.03,-0.028
 303s,   366.40,-7.64m/s, 2.47m/s, 171.41m/s,-2.88m/s,53.73,218.73, 0.51,-0.00,-0.028
 304s,   358.56,-8.05m/s,-0.41m/s, 168.53m/s,-2.88m/s,53.51,218.51, 0.47,-0.03,-0.028
 305s,   350.30,-8.46m/s,-0.41m/s, 165.65m/s,-2.88m/s,53.29,218.29, 0.40,-0.06,-0.029
 306s,   341.64,-8.86m/s,-0.41m/s, 162.76m/s,-2.89m/s,53.07,218.07, 0.30,-0.09,-0.029
 307s,   332.58,-9.27m/s,-0.41m/s, 159.88m/s,-2.89m/s,52.85,217.85, 0.17,-0.12,-0.029
 308s,   323.11,-9.67m/s,-0.41m/s, 156.98m/s,-2.89m/s,52.62,217.62, 0.01,-0.14,-0.029
 309s,   313.23,-10.08m/s,-0.41m/s, 154.09m/s,-2.89m/s,52.40,217.40,-0.18,-0.17,-0.029
 310s,   304.40,-7.59m/s, 2.49m/s, 151.19m/s,-2.90m/s,52.18,217.18,-0.31,-0.14, 0.029
 311s,   296.61,-7.99m/s,-0.41m/s, 148.29m/s,-2.90m/s,51.96,216.96,-0.41,-0.12, 0.029
 312s,   288.41,-8.40m/s,-0.41m/s, 145.39m/s,-2.90m/s,51.74,216.74,-0.48,-0.09, 0.029
 313s,   279.81,-8.81m/s,-0.41m/s, 142.48m/s,-2.91m/s,51.51,216.51,-0.52,-0.06, 0.029
 314s,   270.80,-9.21m/s,-0.41m/s, 139.57m/s,-2.91m/s,51.29,216.29,-0.54,-0.03, 0.029
 315s,   261.39,-9.62m/s,-0.41m/s, 136.66m/s,-2.91m/s,51.07,216.07,-0.52, 0.00, 0.029
 316s,   251.57,-10.02m/s,-0.41m/s, 133.74m/s,-2.92m/s,50.85,215.85,-0.48, 0.03, 0.029
 317s,   242.80,-7.51m/s, 2.51m/s, 130.82m/s,-2.92m/s,50.63,215.63,-0.40, 0.06, 0.029
 318s,   235.08,-7.92m/s,-0.41m/s, 127.90m/s,-2.92m/s,50.40,215.40,-0.30, 0.09, 0.029
 319s,   226.96,-8.32m/s,-0.41m/s, 124.98m/s,-2.92m/s,50.18,215.18,-0.17, 0.12, 0.029
 320s,   218.44,-8.73m/s,-0.41m/s, 122.05m/s,-2.93m/s,49.96,214.96,-0.00, 0.15, 0.029
 321s,   209.51,-9.14m/s,-0.41m/s, 119.12m/s,-2.93m/s,49.74,214.74, 0.19, 0.18, 0.029
 322s,   200.17,-9.54m/s,-0.41m/s, 116.18m/s,-2.93m/s,49.52,214.52, 0.32, 0.15,-0.030
 323s,   190.42,-9.95m/s,-0.41m/s, 113.25m/s,-2.94m/s,49.29,214.29, 0.42, 0.12,-0.030
 324s,   180.27,-10.35m/s,-0.41m/s, 110.31m/s,-2.94m/s,49.07,214.07, 0.50, 0.09,-0.030
 325s,   171.19,-7.82m/s, 2.54m/s, 107.36m/s,-2.94m/s,48.85,213.85, 0.54, 0.06,-0.030
 326s,   163.17,-8.22m/s,-0.41m/s, 104.42m/s,-2.95m/s,48.63,213.63, 0.55, 0.03,-0.030
 327s,   154.74,-8.63m/s,-0.41m/s, 101.47m/s,-2.95m/s,48.41,213.41, 0.54,-0.00,-0.030
 328s,   145.91,-9.03m/s,-0.41m/s,  98.52m/s,-2.95m/s,48.18,213.18, 0.49,-0.03,-0.030
 329s,   136.67,-9.44m/s,-0.41m/s,  95.56m/s,-2.96m/s,47.96,212.96, 0.41,-0.06,-0.030
 330s,   127.03,-9.85m/s,-0.41m/s,  92.60m/s,-2.96m/s,47.74,212.74, 0.31,-0.09,-0.030
 331s,   116.98,-10.25m/s,-0.41m/s,  89.64m/s,-2.96m/s,47.52,212.52, 0.17,-0.12,-0.030
 332s,   108.01,-7.69m/s, 2.56m/s,  86.68m/s,-2.96m/s,47.30,212.30, 0.01,-0.15,-0.030
 333s,   100.11,-8.10m/s,-0.41m/s,  83.71m/s,-2.97m/s,47.07,212.07,-0.19,-0.18,-0.030
 334s,    91.81,-8.51m/s,-0.41m/s,  80.74m/s,-2.97m/s,46.85,211.85,-0.33,-0.15, 0.030
 335s,    84.58,-5.94m/s, 2.57m/s,  77.77m/s,-2.97m/s,46.63,211.63,-0.43,-0.12, 0.030
 336s,    79.93,-3.37m/s, 2.57m/s,  74.79m/s,-2.98m/s,46.41,211.41,-0.51,-0.09, 0.030
 337s,    76.36,-3.77m/s,-0.41m/s,  71.81m/s,-2.98m/s,46.19,211.19,-0.55,-0.06, 0.030
 338s,    72.38,-4.18m/s,-0.41m/s,  68.83m/s,-2.98m/s,45.96,210.96,-0.57,-0.03, 0.031
 339s,    68.00,-4.59m/s,-0.41m/s,  65.84m/s,-2.99m/s,45.74,210.74,-0.55, 0.00, 0.031
 340s,    63.21,-4.99m/s,-0.41m/s,  62.85m/s,-2.99m/s,45.52,210.52,-0.50, 0.03, 0.031
 341s,    58.01,-5.40m/s,-0.41m/s,  59.86m/s,-2.99m/s,45.30,210.30,-0.43, 0.06, 0.031
 342s,    53.91,-2.81m/s, 2.59m/s,  56.86m/s,-3.00m/s,45.08,210.08,-0.32, 0.09, 0.031
 343s,    50.90,-3.21m/s,-0.41m/s,  53.86m/s,-3.00m/s,44.85,209.85,-0.18, 0.12, 0.031
 344s,    47.48,-3.62m/s,-0.41m/s,  50.86m/s,-3.00m/s,44.63,209.63,-0.01, 0.16, 0.031
 345s,    43.66,-4.03m/s,-0.41m/s,  47.86m/s,-3.01m/s,44.41,209.41, 0.19, 0.19, 0.031
 346s,    39.43,-4.43m/s,-0.41m/s,  44.85m/s,-3.01m/s,44.19,209.19, 0.33, 0.15,-0.031
 347s,    34.79,-4.84m/s,-0.41m/s,  41.83m/s,-3.01m/s,43.97,208.97, 0.44, 0.12,-0.031
 348s,    29.75,-5.25m/s,-0.41m/s,  38.82m/s,-3.01m/s,43.74,208.74, 0.52, 0.09,-0.031
 349s,    25.81,-2.63m/s, 2.61m/s,  35.80m/s,-3.02m/s,43.52,208.52, 0.56, 0.06,-0.031
 350s,    22.97,-3.04m/s,-0.41m/s,  32.78m/s,-3.02m/s,43.30,208.30, 0.58, 0.03,-0.031
 351s,    19.73,-3.45m/s,-0.41m/s,  29.76m/s,-3.02m/s,43.08,208.08, 0.56,-0.00,-0.031
 352s,    16.08,-3.85m/s,-0.41m/s,  26.73m/s,-3.03m/s,42.86,207.86, 0.51,-0.03,-0.031
 353s,    12.03,-4.26m/s,-0.41m/s,  23.70m/s,-3.03m/s,42.63,207.63, 0.43,-0.06,-0.032
 354s,     7.57,-4.66m/s,-0.41m/s,  20.66m/s,-3.03m/s,42.41,207.41, 0.32,-0.10,-0.032
 355s,     2.70,-5.07m/s,-0.41m/s,  17.63m/s,-3.04m/s,42.19,207.19, 0.18,-0.13,-0.032
Time,Alt,V-Speed,V-Acc,H-Speed,H-Acc,Fuel,Weight,Angle,A-Speed,A-Acc
   0s, 13748.00,-24.80m/s, 0.00m/s, 932.00m/s, 0.00m/s,121.00,286.00,58.30, 0.00, 0.000
   1s, 13723.00,-25.20m/s,-0.40m/s, 929.80m/s,-2.20m/s,120.78,285.78,58.28,-0.02,-0.017
   2s, 13697.59,-25.61m/s,-0.40m/s, 927.59m/s,-2.20m/s,120.56,285.56,58.23,-0.03,-0.017
   3s, 13671.79,-26.01m/s,-0.40m/s, 925.39m/s,-2.21m/s,120.33,285.33,58.17,-0.05,-0.017
   4s, 13645.58,-26.41m/s,-0.40m/s, 923.18m/s,-2.21m/s,120.11,285.11,58.10,-0.07,-0.017
   5s, 13618.96,-26.81m/s,-0.40m/s, 920.97m/s,-2.21m/s,119.89,284.89,58.01,-0.08,-0.017
   6s, 13591.95,-27.22m/s,-0.40m/s, 918.76m/s,-2.21m/s,119.67,284.67,57.90,-0.10,-0.017
   7s, 13564.53,-27.62m/s,-0.40m/s, 916.54m/s,-2.21m/s,119.45,284.45,57.77,-0.12,-0.017
   8s, 13536.71,-28.02m/s,-0.40m/s, 914.33m/s,-2.21m/s,119.22,284.22,57.63,-0.13,-0.017
   9s, 13508.48,-28.43m/s,-0.40m/s, 912.11m/s,-2.22m/s,119.00,284.00,57.47,-0.15,-0.017
  10s, 13479.85,-28.83m/s,-0.40m/s, 909.89m/s,-2.22m/s,118.78,283.78,57.30,-0.17,-0.017
  11s, 13450.82,-29.23m/s,-0.40m/s, 907.67m/s,-2.22m/s,118.56,283.56,57.10,-0.18,-0.017
  12s, 13421.39,-29.64m/s,-0.40m/s, 905.45m/s,-2.22m/s,118.34,283.34,56.89,-0.20,-0.017
  13s, 13391.55,-30.04m/s,-0.40m/s, 903.23m/s,-2.22m/s,118.11,283.11,56.67,-0.22,-0.017
  14s, 13361.31,-30.44m/s,-0.40m/s, 901.00m/s,-2.23m/s,117.89,282.89,56.42,-0.24,-0.017
  15s, 13330.67,-30.84m/s,-0.40m/s, 898.78m/s,-2.23m/s,117.67,282.67,56.16,-0.25,-0.017
  16s, 13299.62,-31.25m/s,-0.40m/s, 896.55m/s,-2.23m/s,117.45,282.45,55.88,-0.27,-0.017
  17s, 13268.18,-31.65m/s,-0.40m/s, 894.32m/s,-2.23m/s,117.23,282.23,55.59,-0.29,-0.017
  18s, 13236.32,-32.05m/s,-0.40m/s, 892.09m/s,-2.23m/s,117.00,282.00,55.28,-0.30,-0.017
  19s, 13204.07,-32.46m/s,-0.40m/s, 889.85m/s,-2.23m/s,116.78,281.78,54.97,-0.30, 0.000
  20s, 13171.41,-32.86m/s,-0.40m/s, 887.62m/s,-2.24m/s,116.56,281.56,54.67,-0.30, 0.000
  21s, 13138.35,-33.26m/s,-0.40m/s, 885.38m/s,-2.24m/s,116.34,281.34,54.36,-0.30, 0.000
  22s, 13104.89,-33.67m/s,-0.40m/s, 883.14m/s,-2.24m/s,116.12,281.12,54.06,-0.30, 0.000
  23s, 13071.02,-34.07m/s,-0.40m/s, 880.90m/s,-2.24m/s,115.89,280.89,53.76,-0.30, 0.000
  24s, 13036.75,-34.47m/s,-0.40m/s, 878.66m/s,-2.24m/s,115.67,280.67,53.45,-0.30, 0.000
  25s, 13002.08,-34.87m/s,-0.40m/s, 876.41m/s,-2.24m/s,115.45,280.45,53.15,-0.30, 0.000
  26s, 12967.00,-35.28m/s,-0.40m/s, 874.16m/s,-2.25m/s,115.23,280.23,52.84,-0.30, 0.000
  27s, 12931.52,-35.68m/s,-0.40m/s, 871.92m/s,-2.25m/s,115.01,280.01,52.54,-0.30, 0.000
  28s, 12895.64,-36.08m/s,-0.40m/s, 869.67m/s,-2.25m/s,114.78,279.78,52.24,-0.30, 0.000
  29s, 12859.36,-36.49m/s,-0.40m/s, 867.41m/s,-2.25m/s,114.56,279.56,51.93,-0.30, 0.000
  30s, 12822.67,-36.89m/s,-0.40m/s, 865.16m/s,-2.25m/s,114.34,279.34,51.63,-0.30, 0.000
  31s, 12785.58,-37.29m/s,-0.40m/s, 862.91m/s,-2.26m/s,114.12,279.12,51.33,-0.30, 0.000
  32s, 12748.08,-37.70m/s,-0.40m/s, 860.65m/s,-2.26m/s,113.90,278.90,51.02,-0.30, 0.000
  33s, 12710.18,-38.10m/s,-0.40m/s, 858.39m/s,-2.26m/s,113.67,278.67,50.72,-0.30, 0.000
  34s, 12671.88,-38.50m/s,-0.40m/s, 856.13m/s,-2.26m/s,113.45,278.45,50.41,-0.30, 0.000
  35s, 12633.18,-38.91m/s,-0.40m/s, 853.87m/s,-2.26m/s,113.23,278.23,50.11,-0.30, 0.000
  36s, 12594.07,-39.31m/s,-0.40m/s, 851.60m/s,-2.26m/s,113.01,278.01,49.81,-0.30, 0.000
  37s, 12554.56,-39.71m/s,-0.40m/s, 849.34m/s,-2.27m/s,112.79,277.79,49.50,-0.30, 0.000
  38s, 12514.65,-40.12m/s,-0.40m/s, 847.07m/s,-2.27m/s,112.56,277.56,49.20,-0.30, 0.000
  39s, 12474.33,-40.52m/s,-0.40m/s, 844.80m/s,-2.27m/s,112.34,277.34,48.90,-0.30, 0.000
  40s, 12433.61,-40.92m/s,-0.40m/s, 842.53m/s,-2.27m/s,112.12,277.12,48.59,-0.30, 0.000
  41s, 12392.49,-41.32m/s,-0.40m/s, 840.25m/s,-2.27m/s,111.90,276.90,48.29,-0.30, 0.000
  42s, 12350.96,-41.73m/s,-0.40m/s, 837.98m/s,-2.28m/s,111.68,276.68,47.98,-0.30, 0.000
  43s, 12309.03,-42.13m/s,-0.40m/s, 835.70m/s,-2.28m/s,111.45,276.45,47.68,-0.30, 0.000
  44s, 12266.70,-42.53m/s,-0.40m/s, 833.42m/s,-2.28m/s,111.23,276.23,47.38,-0.30, 0.000
  45s, 12223.96,-42.94m/s,-0.40m/s, 831.14m/s,-2.28m/s,111.01,276.01,47.07,-0.30, 0.000
  46s, 12180.82,-43.34m/s,-0.40m/s, 828.86m/s,-2.28m/s,110.79,275.79,46.77,-0.30, 0.000
  47s, 12137.28,-43.74m/s,-0.40m/s, 826.57m/s,-2.28m/s,110.57,275.57,46.47,-0.30, 0.000
  48s, 12093.34,-44.15m/s,-0.40m/s, 824.29m/s,-2.29m/s,110.34,275.34,46.16,-0.30, 0.000
  49s, 12048.99,-44.55m/s,-0.40m/s, 822.00m/s,-2.29m/s,110.12,275.12,45.86,-0.30, 0.000
  50s, 12004.23,-44.95m/s,-0.40m/s, 819.71m/s,-2.29m/s,109.90,274.90,45.55,-0.30, 0.000
  51s, 11959.08,-45.36m/s,-0.40m/s, 817.42m/s,-2.29m/s,109.68,274.68,45.25,-0.30, 0.000
  52s, 11913.52,-45.76m/s,-0.40m/s, 815.12m/s,-2.29m/s,109.46,274.46,44.95,-0.30, 0.000
  53s, 11867.56,-46.16m/s,-0.40m/s, 812.83m/s,-2.30m/s,109.23,274.23,44.64,-0.30, 0.000
  54s, 11821.19,-46.57m/s,-0.40m/s, 810.53m/s,-2.30m/s,109.01,274.01,44.34,-0.30, 0.000
  55s, 11774.42,-46.97m/s,-0.40m/s, 808.23m/s,-2.30m/s,108.79,273.79,44.04,-0.30, 0.000
  56s, 11727.25,-47.37m/s,-0.40m/s, 805.93m/s,-2.30m/s,108.57,273.57,43.73,-0.30, 0.000
  57s, 11679.68,-47.78m/s,-0.40m/s, 803.63m/s,-2.30m/s,108.35,273.35,43.43,-0.30, 0.000
  58s, 11631.70,-48.18m/s,-0.40m/s, 801.32m/s,-2.30m/s,108.12,273.12,43.12,-0.30, 0.000
  59s, 11583.31,-48.58m/s,-0.40m/s, 799.02m/s,-2.31m/s,107.90,272.90,42.82,-0.30, 0.000
  60s, 11534.53,-48.99m/s,-0.40m/s, 796.71m/s,-2.31m/s,107.68,272.68,42.52,-0.30, 0.000
  61s, 11485.34,-49.39m/s,-0.40m/s, 794.40m/s,-2.31m/s,107.46,272.46,42.21,-0.30, 0.000
  62s, 11435.75,-49.79m/s,-0.40m/s, 792.09m/s,-2.31m/s,107.24,272.24,41.91,-0.30, 0.000
  63s, 11385.75,-50.20m/s,-0.40m/s, 789.77m/s,-2.31m/s,107.01,272.01,41.61,-0.30, 0.000
  64s, 11335.35,-50.60m/s,-0.40m/s, 787.46m/s,-2.32m/s,106.79,271.79,41.30,-0.30, 0.000
  65s, 11284.55,-51.00m/s,-0.40m/s, 785.14m/s,-2.32m/s,106.57,271.57,41.00,-0.30, 0.000
  66s, 11233.34,-51.41m/s,-0.40m/s, 782.82m/s,-2.32m/s,106.35,271.35,40.69,-0.30, 0.000
  67s, 11181.73,-51.81m/s,-0.40m/s, 780.50m/s,-2.32m/s,106.13,271.13,40.39,-0.30, 0.000
  68s, 11129.72,-52.22m/s,-0.40m/s, 778.17m/s,-2.32m/s,105.90,270.90,40.09,-0.30, 0.000
  69s, 11077.30,-52.62m/s,-0.40m/s, 775.85m/s,-2.33m/s,105.68,270.68,39.78,-0.30, 0.000
  70s, 11024.48,-53.02m/s,-0.40m/s, 773.52m/s,-2.33m/s,105.46,270.46,39.48,-0.30, 0.000
  71s, 10971.26,-53.43m/s,-0.40m/s, 771.19m/s,-2.33m/s,105.24,270.24,39.18,-0.30, 0.000
  72s, 10917.63,-53.83m/s,-0.40m/s, 768.86m/s,-2.33m/s,105.02,270.02,38.87,-0.30, 0.000
  73s, 10863.60,-54.23m/s,-0.40m/s, 766.53m/s,-2.33m/s,104.79,269.79,38.57,-0.30, 0.000
  74s, 10809.16,-54.64m/s,-0.40m/s, 764.19m/s,-2.34m/s,104.57,269.57,38.26,-0.30, 0.000
  75s, 10754.33,-55.04m/s,-0.40m/s, 761.85m/s,-2.34m/s,104.35,269.35,37.96,-0.30, 0.000
  76s, 10699.08,-55.44m/s,-0.40m/s, 759.52m/s,-2.34m/s,104.13,269.13,37.66,-0.30, 0.000
  77s, 10643.44,-55.85m/s,-0.40m/s, 757.17m/s,-2.34m/s,103.91,268.91,37.35,-0.30, 0.000
  78s, 10587.39,-56.25m/s,-0.40m/s, 754.83m/s,-2.34m/s,103.68,268.68,37.05,-0.30, 0.000
  79s, 10530.94,-56.65m/s,-0.40m/s, 752.49m/s,-2.34m/s,103.46,268.46,36.75,-0.30, 0.000
  80s, 10474.08,-57.06m/s,-0.40m/s, 750.14m/s,-2.35m/s,103.24,268.24,36.44,-0.30, 0.000
  81s, 10416.82,-57.46m/s,-0.40m/s, 747.79m/s,-2.35m/s,103.02,268.02,36.14,-0.30, 0.000
  82s, 10359.16,-57.87m/s,-0.40m/s, 745.44m/s,-2.35m/s,102.80,267.80,35.83,-0.30, 0.000
  83s, 10301.09,-58.27m/s,-0.40m/s, 743.09m/s,-2.35m/s,102.57,267.57,35.53,-0.30, 0.000
  84s, 10242.62,-58.67m/s,-0.40m/s, 740.73m/s,-2.35m/s,102.35,267.35,35.23,-0.30, 0.000
  85s, 10183.75,-59.08m/s,-0.40m/s, 738.38m/s,-2.36m/s,102.13,267.13,34.92,-0.30, 0.000
  86s, 10124.47,-59.48m/s,-0.40m/s, 736.02m/s,-2.36m/s,101.91,266.91,34.62,-0.30, 0.000
  87s, 10064.79,-59.88m/s,-0.40m/s, 733.66m/s,-2.36m/s,101.69,266.69,34.32,-0.30, 0.000
  88s, 10004.70,-60.29m/s,-0.40m/s, 731.30m/s,-2.36m/s,101.46,266.46,34.01,-0.30, 0.000
  89s,  9944.21,-60.69m/s,-0.40m/s, 728.93m/s,-2.36m/s,101.24,266.24,33.71,-0.30, 0.000
  90s,  9884.50,-58.73m/s, 1.96m/s, 726.57m/s,-2.37m/s,101.02,266.02,33.40,-0.30, 0.000
  91s,  9826.75,-56.76m/s, 1.96m/s, 724.20m/s,-2.37m/s,100.80,265.80,33.10,-0.30, 0.000
  92s,  9770.97,-54.80m/s, 1.97m/s, 721.83m/s,-2.37m/s,100.58,265.58,32.80,-0.30, 0.000
  93s,  9717.16,-52.83m/s, 1.97m/s, 719.45m/s,-2.37m/s,100.35,265.35,32.49,-0.30, 0.000
  94s,  9665.31,-50.86m/s, 1.97m/s, 717.08m/s,-2.37m/s,100.13,265.13,32.19,-0.30, 0.000
  95s,  9615.44,-48.89m/s, 1.97m/s, 714.70m/s,-2.38m/s,99.91,264.91,31.89,-0.30, 0.000
  96s,  9566.35,-49.29m/s,-0.40m/s, 712.33m/s,-2.38m/s,99.69,264.69,31.58,-0.30, 0.000
  97s,  9516.86,-49.69m/s,-0.40m/s, 709.95m/s,-2.38m/s,99.47,264.47,31.28,-0.30, 0.000
  98s,  9466.96,-50.10m/s,-0.40m/s, 707.56m/s,-2.38m/s,99.24,264.24,30.97,-0.30, 0.000
  99s,  9417.85,-48.12m/s, 1.98m/s, 705.18m/s,-2.38m/s,99.02,264.02,30.67,-0.30, 0.000
 100s,  9369.53,-48.52m/s,-0.40m/s, 702.79m/s,-2.39m/s,98.80,263.80,30.37,-0.30, 0.000
 101s,  9320.81,-48.93m/s,-0.40m/s, 700.41m/s,-2.39m/s,98.58,263.58,30.06,-0.30, 0.000
 102s,  9271.68,-49.33m/s,-0.40m/s, 698.02m/s,-2.39m/s,98.36,263.36,29.76,-0.30, 0.000
 103s,  9222.15,-49.73m/s,-0.40m/s, 695.62m/s,-2.39m/s,98.13,263.13,29.45,-0.30, 0.000
 104s,  9172.21,-50.14m/s,-0.40m/s, 693.23m/s,-2.39m/s,97.91,262.91,29.15,-0.30, 0.000
 105s,  9123.07,-48.15m/s, 1.99m/s, 690.83m/s,-2.40m/s,97.69,262.69,28.85,-0.30, 0.000
 106s,  9074.72,-48.55m/s,-0.40m/s, 688.43m/s,-2.40m/s,97.47,262.47,28.54,-0.30, 0.000
 107s,  9025.97,-48.95m/s,-0.40m/s, 686.03m/s,-2.40m/s,97.25,262.25,28.24,-0.30, 0.000
 108s,  8976.82,-49.36m/s,-0.40m/s, 683.63m/s,-2.40m/s,97.02,262.02,27.94,-0.30, 0.000
 109s,  8927.26,-49.76m/s,-0.40m/s, 681.23m/s,-2.40m/s,96.80,261.80,27.63,-0.30, 0.000
 110s,  8877.29,-50.17m/s,-0.40m/s, 678.82m/s,-2.41m/s,96.58,261.58,27.33,-0.30, 0.000
 111s,  8828.13,-48.16m/s, 2.00m/s, 676.41m/s,-2.41m/s,96.36,261.36,27.02,-0.30, 0.000
 112s,  8779.77,-48.57m/s,-0.40m/s, 674.00m/s,-2.41m/s,96.14,261.14,26.72,-0.30, 0.000
 113s,  8731.00,-48.97m/s,-0.40m/s, 671.59m/s,-2.41m/s,95.91,260.91,26.42,-0.30, 0.000
 114s,  8681.83,-49.37m/s,-0.40m/s, 669.18m/s,-2.41m/s,95.69,260.69,26.11,-0.30, 0.000
 115s,  8632.25,-49.78m/s,-0.40m/s, 666.76m/s,-2.42m/s,95.47,260.47,25.81,-0.30, 0.000
 116s,  8582.27,-50.18m/s,-0.40m/s, 664.34m/s,-2.42m/s,95.25,260.25,25.51,-0.30, 0.000
 117s,  8533.10,-48.16m/s, 2.02m/s, 661.92m/s,-2.42m/s,95.03,260.03,25.20,-0.30, 0.000
 118s,  8484.73,-48.57m/s,-0.40m/s, 659.50m/s,-2.42m/s,94.80,259.80,24.90,-0.30, 0.000
 119s,  8435.96,-48.97m/s,-0.40m/s, 657.07m/s,-2.42m/s,94.58,259.58,24.59,-0.30, 0.000
 120s,  8386.79,-49.38m/s,-0.40m/s, 654.64m/s,-2.43m/s,94.36,259.36,24.29,-0.30, 0.000
 121s,  8337.21,-49.78m/s,-0.40m/s, 652.22m/s,-2.43m/s,94.14,259.14,23.99,-0.30, 0.000
 122s,  8287.22,-50.19m/s,-0.40m/s, 649.78m/s,-2.43m/s,93.92,258.92,23.68,-0.30, 0.000
 123s,  8238.05,-48.16m/s, 2.03m/s, 647.35m/s,-2.43m/s,93.69,258.69,23.38,-0.30, 0.000
 124s,  8189.69,-48.56m/s,-0.40m/s, 644.92m/s,-2.44m/s,93.47,258.47,23.08,-0.30, 0.000
 125s,  8140.93,-48.96m/s,-0.40m/s, 642.48m/s,-2.44m/s,93.25,258.25,22.77,-0.30, 0.000
 126s,  8091.76,-49.37m/s,-0.40m/s, 640.04m/s,-2.44m/s,93.03,258.03,22.47,-0.30, 0.000
 127s,  8042.19,-49.77m/s,-0.40m/s, 637.60m/s,-2.44m/s,92.81,257.81,22.16,-0.30, 0.000
 128s,  7992.22,-50.18m/s,-0.40m/s, 635.15m/s,-2.44m/s,92.58,257.58,21.86,-0.30, 0.000
 129s,  7943.06,-48.14m/s, 2.04m/s, 632.71m/s,-2.45m/s,92.36,257.36,21.56,-0.30, 0.000
 130s,  7894.72,-48.54m/s,-0.40m/s, 630.26m/s,-2.45m/s,92.14,257.14,21.25,-0.30, 0.000
 131s,  7845.98,-48.94m/s,-0.40m/s, 627.81m/s,-2.45m/s,91.92,256.92,20.95,-0.30, 0.000
 132s,  7796.83,-49.35m/s,-0.40m/s, 625.36m/s,-2.45m/s,91.70,256.70,20.65,-0.30, 0.000
 133s,  7747.28,-49.75m/s,-0.40m/s, 622.90m/s,-2.45m/s,91.47,256.47,20.34,-0.30, 0.000
 134s,  7697.33,-50.16m/s,-0.40m/s, 620.45m/s,-2.46m/s,91.25,256.25,20.04,-0.30, 0.000
 135s,  7648.20,-48.10m/s, 2.05m/s, 617.99m/s,-2.46m/s,91.03,256.03,19.73,-0.30, 0.000
 136s,  7599.89,-48.51m/s,-0.40m/s, 615.53m/s,-2.46m/s,90.81,255.81,19.43,-0.30, 0.000
 137s,  7551.18,-48.91m/s,-0.40m/s, 613.06m/s,-2.46m/s,90.59,255.59,19.13,-0.30, 0.000
 138s,  7502.07,-49.32m/s,-0.40m/s, 610.60m/s,-2.46m/s,90.36,255.36,18.82,-0.30, 0.000
 139s,  7452.55,-49.72m/s,-0.40m/s, 608.13m/s,-2.47m/s,90.14,255.14,18.52,-0.30, 0.000
 140s,  7402.63,-50.12m/s,-0.40m/s, 605.66m/s,-2.47m/s,89.92,254.92,18.22,-0.30, 0.000
 141s,  7353.54,-48.06m/s, 2.07m/s, 603.19m/s,-2.47m/s,89.70,254.70,17.91,-0.30, 0.000
 142s,  7305.28,-48.46m/s,-0.40m/s, 600.72m/s,-2.47m/s,89.48,254.48,17.61,-0.30, 0.000
 143s,  7256.61,-48.87m/s,-0.40m/s, 598.24m/s,-2.48m/s,89.25,254.25,17.30,-0.30, 0.000
 144s,  7207.54,-49.27m/s,-0.40m/s, 595.77m/s,-2.48m/s,89.03,254.03,17.00,-0.30, 0.000
 145s,  7158.07,-49.68m/s,-0.40m/s, 593.29m/s,-2.48m/s,88.81,253.81,16.70,-0.30, 0.000
 146s,  7108.19,-50.08m/s,-0.40m/s, 590.80m/s,-2.48m/s,88.59,253.59,16.39,-0.30, 0.000
 147s,  7059.15,-48.00m/s, 2.08m/s, 588.32m/s,-2.48m/s,88.37,253.37,16.09,-0.30, 0.000
 148s,  7010.95,-48.40m/s,-0.40m/s, 585.83m/s,-2.49m/s,88.14,253.14,15.79,-0.30, 0.000
 149s,  6962.35,-48.81m/s,-0.40m/s, 583.34m/s,-2.49m/s,87.92,252.92,15.48,-0.30, 0.000
 150s,  6913.33,-49.21m/s,-0.40m/s, 580.85m/s,-2.49m/s,87.70,252.70,15.18,-0.30, 0.000
 151s,  6863.92,-49.62m/s,-0.40m/s, 578.36m/s,-2.49m/s,87.48,252.48,14.87,-0.30, 0.000
 152s,  6814.10,-50.02m/s,-0.40m/s, 575.86m/s,-2.50m/s,87.26,252.26,14.57,-0.30, 0.000
 153s,  6765.12,-47.93m/s, 2.09m/s, 573.37m/s,-2.50m/s,87.03,252.03,14.27,-0.30, 0.000
 154s,  6716.99,-48.33m/s,-0.40m/s, 570.87m/s,-2.50m/s,86.81,251.81,13.96,-0.30, 0.000
 155s,  6668.46,-48.74m/s,-0.40m/s, 568.37m/s,-2.50m/s,86.59,251.59,13.66,-0.30, 0.000
 156s,  6619.51,-49.14m/s,-0.40m/s, 565.86m/s,-2.50m/s,86.37,251.37,13.36,-0.30, 0.000
 157s,  6570.17,-49.55m/s,-0.40m/s, 563.35m/s,-2.51m/s,86.15,251.15,13.05,-0.30, 0.000
 158s,  6520.42,-49.95m/s,-0.40m/s, 560.85m/s,-2.51m/s,85.92,250.92,12.75,-0.30, 0.000
 159s,  6470.27,-50.36m/s,-0.40m/s, 558.34m/s,-2.51m/s,85.70,250.70,12.44,-0.30, 0.000
 160s,  6420.96,-48.25m/s, 2.11m/s, 555.82m/s,-2.51m/s,85.48,250.48,12.14,-0.30, 0.000
 161s,  6372.51,-48.65m/s,-0.40m/s, 553.31m/s,-2.52m/s,85.26,250.26,11.84,-0.30, 0.000
 162s,  6323.66,-49.06m/s,-0.40m/s, 550.79m/s,-2.52m/s,85.04,250.04,11.53,-0.30, 0.000
 163s,  6274.40,-49.46m/s,-0.40m/s, 548.27m/s,-2.52m/s,84.81,249.81,11.23,-0.30, 0.000
 164s,  6224.73,-49.87m/s,-0.40m/s, 545.75m/s,-2.52m/s,84.59,249.59,10.93,-0.30, 0.000
 165s,  6174.66,-50.27m/s,-0.40m/s, 543.22m/s,-2.52m/s,84.37,249.37,10.62,-0.30, 0.000
 166s,  6125.45,-48.15m/s, 2.12m/s, 540.70m/s,-2.53m/s,84.15,249.15,10.32,-0.30, 0.000
 167s,  6077.10,-48.55m/s,-0.40m/s, 538.17m/s,-2.53m/s,83.93,248.93,10.01,-0.30, 0.000
 168s,  6028.35,-48.96m/s,-0.40m/s, 535.64m/s,-2.53m/s,83.70,248.70, 9.71,-0.30, 0.000
 169s,  5979.18,-49.36m/s,-0.40m/s, 533.11m/s,-2.53m/s,83.48,248.48, 9.41,-0.30, 0.000
 170s,  5929.62,-49.77m/s,-0.40m/s, 530.57m/s,-2.54m/s,83.26,248.26, 9.10,-0.30, 0.000
 171s,  5879.65,-50.17m/s,-0.40m/s, 528.03m/s,-2.54m/s,83.04,248.04, 8.80,-0.30, 0.000
 172s,  5830.54,-48.04m/s, 2.14m/s, 525.49m/s,-2.54m/s,82.82,247.82, 8.49,-0.30, 0.000
 173s,  5782.30,-48.44m/s,-0.40m/s, 522.95m/s,-2.54m/s,82.59,247.59, 8.19,-0.30, 0.000
 174s,  5733.66,-48.85m/s,-0.40m/s, 520.41m/s,-2.54m/s,82.37,247.37, 7.89,-0.30, 0.000
 175s,  5684.61,-49.25m/s,-0.40m/s, 517.86m/s,-2.55m/s,82.15,247.15, 7.58,-0.30, 0.000
 176s,  5635.15,-49.66m/s,-0.40m/s, 515.31m/s,-2.55m/s,81.93,246.93, 7.28,-0.30, 0.000
 177s,  5585.29,-50.06m/s,-0.40m/s, 512.76m/s,-2.55m/s,81.71,246.71, 6.98,-0.30, 0.000
 178s,  5536.31,-47.91m/s, 2.15m/s, 510.20m/s,-2.55m/s,81.48,246.48, 6.67,-0.30, 0.000
 179s,  5488.19,-48.32m/s,-0.40m/s, 507.65m/s,-2.56m/s,81.26,246.26, 6.37,-0.30, 0.000
 180s,  5439.67,-48.72m/s,-0.40m/s, 505.09m/s,-2.56m/s,81.04,246.04, 6.06,-0.30, 0.000
 181s,  5390.75,-49.13m/s,-0.40m/s, 502.53m/s,-2.56m/s,80.82,245.82, 5.76,-0.30, 0.000
 182s,  5341.42,-49.53m/s,-0.40m/s, 499.97m/s,-2.56m/s,80.60,245.60, 5.46,-0.30, 0.000
 183s,  5291.68,-49.94m/s,-0.40m/s, 497.40m/s,-2.57m/s,80.37,245.37, 5.15,-0.30, 0.000
 184s,  5241.54,-50.34m/s,-0.40m/s, 494.83m/s,-2.57m/s,80.15,245.15, 4.85,-0.30, 0.000
 185s,  5192.28,-48.18m/s, 2.16m/s, 492.26m/s,-2.57m/s,79.93,244.93, 4.55,-0.30, 0.000
 186s,  5143.91,-48.58m/s,-0.40m/s, 489.69m/s,-2.57m/s,79.71,244.71, 4.24,-0.30, 0.000
 187s,  5095.12,-48.99m/s,-0.40m/s, 487.12m/s,-2.57m/s,79.49,244.49, 3.94,-0.30, 0.000
 188s,  5045.93,-49.39m/s,-0.40m/s, 484.54m/s,-2.58m/s,79.26,244.26, 3.63,-0.30, 0.000
 189s,  4996.34,-49.80m/s,-0.40m/s, 481.96m/s,-2.58m/s,79.04,244.04, 3.33,-0.30, 0.000
 190s,  4946.34,-50.20m/s,-0.40m/s, 479.38m/s,-2.58m/s,78.82,243.82, 3.03,-0.30, 0.000
 191s,  4897.23,-48.02m/s, 2.18m/s, 476.80m/s,-2.58m/s,78.60,243.60, 2.72,-0.30, 0.000
 192s,  4849.00,-48.43m/s,-0.40m/s, 474.21m/s,-2.59m/s,78.38,243.38, 2.42,-0.30, 0.000
 193s,  4800.37,-48.83m/s,-0.40m/s, 471.62m/s,-2.59m/s,78.15,243.15, 2.12,-0.30, 0.000
 194s,  4751.34,-49.24m/s,-0.40m/s, 469.03m/s,-2.59m/s,77.93,242.93, 1.81,-0.30, 0.000
 195s,  4701.90,-49.64m/s,-0.40m/s, 466.44m/s,-2.59m/s,77.71,242.71, 1.51,-0.30, 0.000
 196s,  4652.05,-50.05m/s,-0.40m/s, 463.84m/s,-2.60m/s,77.49,242.49, 1.20,-0.30, 0.000
 197s,  4603.10,-47.85m/s, 2.19m/s, 461.24m/s,-2.60m/s,77.27,242.27, 0.90,-0.30, 0.000
 198s,  4555.05,-48.26m/s,-0.41m/s, 458.64m/s,-2.60m/s,77.04,242.04, 0.60,-0.30, 0.000
 199s,  4506.58,-48.66m/s,-0.41m/s, 456.04m/s,-2.60m/s,76.82,241.82, 0.29,-0.30, 0.000
 200s,  4457.72,-49.07m/s,-0.41m/s, 453.44m/s,-2.61m/s,76.60,241.60,-0.01,-0.30, 0.000
 201s,  4408.45,-49.47m/s,-0.41m/s, 450.83m/s,-2.61m/s,76.38,241.38,-0.28,-0.28, 0.023
 202s,  4358.77,-49.88m/s,-0.41m/s, 448.22m/s,-2.61m/s,76.16,241.16,-0.52,-0.26, 0.023
 203s,  4308.69,-50.28m/s,-0.41m/s, 445.61m/s,-2.61m/s,75.93,240.93,-0.75,-0.23, 0.023
 204s,  4259.51,-48.07m/s, 2.21m/s, 442.99m/s,-2.61m/s,75.71,240.71,-0.94,-0.21, 0.023
 205s,  4211.23,-48.48m/s,-0.41m/s, 440.37m/s,-2.62m/s,75.49,240.49,-1.12,-0.19, 0.024
 206s,  4162.55,-48.88m/s,-0.41m/s, 437.75m/s,-2.62m/s,75.27,240.27,-1.27,-0.16, 0.024
 207s,  4113.46,-49.29m/s,-0.41m/s, 435.13m/s,-2.62m/s,75.05,240.05,-1.40,-0.14, 0.024
 208s,  4063.97,-49.70m/s,-0.41m/s, 432.51m/s,-2.62m/s,74.82,239.82,-1.50,-0.12, 0.024
 209s,  4014.07,-50.10m/s,-0.41m/s, 429.88m/s,-2.63m/s,74.60,239.60,-1.58,-0.09, 0.024
 210s,  3965.08,-47.88m/s, 2.22m/s, 427.25m/s,-2.63m/s,74.38,239.38,-1.64,-0.07, 0.024
 211s,  3917.00,-48.28m/s,-0.41m/s, 424.62m/s,-2.63m/s,74.16,239.16,-1.67,-0.04, 0.024
 212s,  3868.52,-48.69m/s,-0.41m/s, 421.98m/s,-2.63m/s,73.94,238.94,-1.68,-0.02, 0.024
 213s,  3819.63,-49.09m/s,-0.41m/s, 419.35m/s,-2.64m/s,73.71,238.71,-1.67, 0.00, 0.024
 214s,  3770.33,-49.50m/s,-0.41m/s, 416.71m/s,-2.64m/s,73.49,238.49,-1.63, 0.03, 0.024
 215s,  3720.63,-49.90m/s,-0.41m/s, 414.07m/s,-2.64m/s,73.27,238.27,-1.57, 0.05, 0.024
 216s,  3670.53,-50.31m/s,-0.41m/s, 411.42m/s,-2.64m/s,73.05,238.05,-1.48, 0.07, 0.024
 217s,  3621.34,-48.07m/s, 2.24m/s, 408.78m/s,-2.65m/s,72.83,237.83,-1.37, 0.10, 0.024
 218s,  3573.07,-48.47m/s,-0.41m/s, 406.13m/s,-2.65m/s,72.60,237.60,-1.23, 0.12, 0.024
 219s,  3524.40,-48.88m/s,-0.41m/s, 403.48m/s,-2.65m/s,72.38,237.38,-1.07, 0.15, 0.024
 220s,  3475.32,-49.28m/s,-0.41m/s, 400.82m/s,-2.65m/s,72.16,237.16,-0.89, 0.17, 0.024
 221s,  3425.84,-49.69m/s,-0.41m/s, 398.17m/s,-2.66m/s,71.94,236.94,-0.68, 0.20, 0.024
 222s,  3375.95,-50.09m/s,-0.41m/s, 395.51m/s,-2.66m/s,71.72,236.72,-0.45, 0.22, 0.024
 223s,  3326.98,-47.84m/s, 2.26m/s, 392.85m/s,-2.66m/s,71.49,236.49,-0.19, 0.24, 0.024
 224s,  3278.94,-48.24m/s,-0.41m/s, 390.18m/s,-2.66m/s,71.27,236.27, 0.09, 0.27, 0.024
 225s,  3230.50,-48.65m/s,-0.41m/s, 387.52m/s,-2.67m/s,71.05,236.05, 0.32, 0.24,-0.024
 226s,  3181.65,-49.05m/s,-0.41m/s, 384.85m/s,-2.67m/s,70.83,235.83, 0.53, 0.22,-0.024
 227s,  3132.39,-49.46m/s,-0.41m/s, 382.17m/s,-2.67m/s,70.61,235.61, 0.71, 0.20,-0.024
 228s,  3082.73,-49.86m/s,-0.41m/s, 379.50m/s,-2.67m/s,70.38,235.38, 0.87, 0.17,-0.025
 229s,  3032.67,-50.27m/s,-0.41m/s, 376.82m/s,-2.68m/s,70.16,235.16, 1.00, 0.15,-0.025
 230s,  2983.54,-47.99m/s, 2.27m/s, 374.15m/s,-2.68m/s,69.94,234.94, 1.11, 0.12,-0.025
 231s,  2935.34,-48.40m/s,-0.41m/s, 371.46m/s,-2.68m/s,69.72,234.72, 1.19, 0.10,-0.025
 232s,  2886.74,-48.81m/s,-0.41m/s, 368.78m/s,-2.68m/s,69.50,234.50, 1.25, 0.07,-0.025
 233s,  2837.73,-49.21m/s,-0.41m/s, 366.09m/s,-2.69m/s,69.27,234.27, 1.29, 0.05,-0.025
 234s,  2788.31,-49.62m/s,-0.41m/s, 363.40m/s,-2.69m/s,69.05,234.05, 1.30, 0.02,-0.025
 235s,  2738.49,-50.02m/s,-0.41m/s, 360.71m/s,-2.69m/s,68.83,233.83, 1.28,-0.00,-0.025
 236s,  2689.62,-47.73m/s, 2.29m/s, 358.02m/s,-2.69m/s,68.61,233.61, 1.24,-0.03,-0.025
 237s,  2641.68,-48.14m/s,-0.41m/s, 355.32m/s,-2.70m/s,68.39,233.39, 1.18,-0.05,-0.025
 238s,  2593.34,-48.54m/s,-0.41m/s, 352.62m/s,-2.70m/s,68.16,233.16, 1.09,-0.08,-0.025
 239s,  2544.59,-48.95m/s,-0.41m/s, 349.92m/s,-2.70m/s,67.94,232.94, 0.97,-0.10,-0.025
 240s,  2495.44,-49.36m/s,-0.41m/s, 347.22m/s,-2.70m/s,67.72,232.72, 0.83,-0.13,-0.025
 241s,  2445.88,-49.76m/s,-0.41m/s, 344.51m/s,-2.71m/s,67.50,232.50, 0.67,-0.15,-0.025
 242s,  2395.92,-50.17m/s,-0.41m/s, 341.80m/s,-2.71m/s,67.28,232.28, 0.48,-0.18,-0.025
 243s,  2346.91,-47.86m/s, 2.31m/s, 339.09m/s,-2.71m/s,67.05,232.05, 0.26,-0.20,-0.025
 244s,  2298.85,-48.26m/s,-0.41m/s, 336.37m/s,-2.71m/s,66.83,231.83, 0.02,-0.23,-0.025
 245s,  2250.38,-48.67m/s,-0.41m/s, 333.65m/s,-2.72m/s,66.61,231.61,-0.25,-0.25,-0.025
 246s,  2201.50,-49.08m/s,-0.41m/s, 330.93m/s,-2.72m/s,66.39,231.39,-0.46,-0.23, 0.025
 247s,  2152.23,-49.48m/s,-0.41m/s, 328.21m/s,-2.72m/s,66.17,231.17,-0.65,-0.20, 0.025
 248s,  2102.54,-49.89m/s,-0.41m/s, 325.49m/s,-2.73m/s,65.94,230.94,-0.82,-0.18, 0.025
 249s,  2052.45,-50.29m/s,-0.41m/s, 322.76m/s,-2.73m/s,65.72,230.72,-0.96,-0.15, 0.026
 250s,  2003.32,-47.97m/s, 2.32m/s, 320.03m/s,-2.73m/s,65.50,230.50,-1.07,-0.13, 0.026
 251s,  1955.15,-48.37m/s,-0.41m/s, 317.29m/s,-2.73m/s,65.28,230.28,-1.16,-0.10, 0.026
 252s,  1906.57,-48.78m/s,-0.41m/s, 314.56m/s,-2.74m/s,65.06,230.06,-1.22,-0.08, 0.026
 253s,  1857.59,-49.18m/s,-0.41m/s, 311.82m/s,-2.74m/s,64.83,229.83,-1.26,-0.05, 0.026
 254s,  1808.20,-49.59m/s,-0.41m/s, 309.08m/s,-2.74m/s,64.61,229.61,-1.27,-0.02, 0.026
 255s,  1758.41,-50.00m/s,-0.41m/s, 306.33m/s,-2.74m/s,64.39,229.39,-1.25, 0.00, 0.026
 256s,  1708.21,-50.40m/s,-0.41m/s, 303.59m/s,-2.75m/s,64.17,229.17,-1.21, 0.03, 0.026
 257s,  1658.98,-48.06m/s, 2.34m/s, 300.84m/s,-2.75m/s,63.95,228.95,-1.14, 0.05, 0.026
 258s,  1610.72,-48.46m/s,-0.41m/s, 298.09m/s,-2.75m/s,63.72,228.72,-1.05, 0.08, 0.026
 259s,  1562.05,-48.87m/s,-0.41m/s, 295.33m/s,-2.75m/s,63.50,228.50,-0.93, 0.11, 0.026
 260s,  1512.98,-49.28m/s,-0.41m/s, 292.58m/s,-2.76m/s,63.28,228.28,-0.79, 0.13, 0.026
 261s,  1463.50,-49.68m/s,-0.41m/s, 289.82m/s,-2.76m/s,63.06,228.06,-0.61, 0.16, 0.026
 262s,  1413.62,-50.09m/s,-0.41m/s, 287.05m/s,-2.76m/s,62.84,227.84,-0.42, 0.18, 0.026
 263s,  1364.71,-47.73m/s, 2.36m/s, 284.29m/s,-2.77m/s,62.61,227.61,-0.19, 0.21, 0.026
 264s,  1316.78,-48.13m/s,-0.41m/s, 281.52m/s,-2.77m/s,62.39,227.39, 0.06, 0.24, 0.026
 265s,  1268.44,-48.54m/s,-0.41m/s, 278.75m/s,-2.77m/s,62.17,227.17, 0.25, 0.21,-0.026
 266s,  1219.70,-48.95m/s,-0.41m/s, 275.98m/s,-2.77m/s,61.95,226.95, 0.43, 0.18,-0.026
 267s,  1170.55,-49.35m/s,-0.41m/s, 273.20m/s,-2.78m/s,61.73,226.73, 0.57, 0.16,-0.026
 268s,  1121.00,-49.76m/s,-0.41m/s, 270.42m/s,-2.78m/s,61.50,226.50, 0.69, 0.13,-0.026
 269s,  1071.04,-50.16m/s,-0.41m/s, 267.64m/s,-2.78m/s,61.28,226.28, 0.78, 0.10,-0.027
 270s,  1022.07,-47.78m/s, 2.38m/s, 264.86m/s,-2.78m/s,61.06,226.06, 0.85, 0.08,-0.027
 271s,   974.08,-48.19m/s,-0.41m/s, 262.07m/s,-2.79m/s,60.84,225.84, 0.88, 0.05,-0.027
 272s,   927.08,-45.81m/s, 2.38m/s, 259.28m/s,-2.79m/s,60.62,225.62, 0.90, 0.02,-0.027
 273s,   882.47,-43.42m/s, 2.39m/s, 256.49m/s,-2.79m/s,60.39,225.39, 0.88,-0.00,-0.027
 274s,   840.24,-41.03m/s, 2.39m/s, 253.69m/s,-2.80m/s,60.17,225.17, 0.84,-0.03,-0.027
 275s,   800.41,-38.64m/s, 2.39m/s, 250.90m/s,-2.80m/s,59.95,224.95, 0.77,-0.06,-0.027
 276s,   762.97,-36.24m/s, 2.39m/s, 248.09m/s,-2.80m/s,59.73,224.73, 0.67,-0.08,-0.027
 277s,   727.92,-33.85m/s, 2.40m/s, 245.29m/s,-2.80m/s,59.51,224.51, 0.55,-0.11,-0.027
 278s,   695.28,-31.45m/s, 2.40m/s, 242.49m/s,-2.81m/s,59.28,224.28, 0.40,-0.14,-0.027
 279s,   665.03,-29.04m/s, 2.40m/s, 239.68m/s,-2.81m/s,59.06,224.06, 0.22,-0.16,-0.027
 280s,   637.19,-26.64m/s, 2.41m/s, 236.86m/s,-2.81m/s,58.84,223.84, 0.02,-0.19,-0.027
 281s,   611.76,-24.23m/s, 2.41m/s, 234.05m/s,-2.81m/s,58.62,223.62,-0.21,-0.22,-0.027
 282s,   588.73,-21.82m/s, 2.41m/s, 231.23m/s,-2.82m/s,58.40,223.40,-0.39,-0.19, 0.027
 283s,   568.12,-19.40m/s, 2.41m/s, 228.41m/s,-2.82m/s,58.17,223.17,-0.54,-0.16, 0.027
 284s,   549.93,-16.99m/s, 2.42m/s, 225.59m/s,-2.82m/s,57.95,222.95,-0.66,-0.14, 0.027
 285s,   534.15,-14.57m/s, 2.42m/s, 222.76m/s,-2.83m/s,57.73,222.73,-0.76,-0.11, 0.027
 286s,   520.80,-12.14m/s, 2.42m/s, 219.94m/s,-2.83m/s,57.51,222.51,-0.82,-0.08, 0.027
 287s,   509.87,-9.72m/s, 2.43m/s, 217.10m/s,-2.83m/s,57.29,222.29,-0.86,-0.05, 0.028
 288s,   499.94,-10.12m/s,-0.41m/s, 214.27m/s,-2.83m/s,57.06,222.06,-0.88,-0.03, 0.028
 289s,   491.03,-7.69m/s, 2.43m/s, 211.43m/s,-2.84m/s,56.84,221.84,-0.86, 0.00, 0.028
 290s,   483.14,-8.10m/s,-0.41m/s, 208.59m/s,-2.84m/s,56.62,221.62,-0.82, 0.03, 0.028
 291s,   474.83,-8.51m/s,-0.41m/s, 205.75m/s,-2.84m/s,56.40,221.40,-0.75, 0.06, 0.028
 292s,   466.13,-8.91m/s,-0.41m/s, 202.90m/s,-2.85m/s,56.18,221.18,-0.65, 0.08, 0.028
 293s,   457.01,-9.32m/s,-0.41m/s, 200.06m/s,-2.85m/s,55.95,220.95,-0.52, 0.11, 0.028
 294s,   447.49,-9.72m/s,-0.41m/s, 197.20m/s,-2.85m/s,55.73,220.73,-0.37, 0.14, 0.028
 295s,   437.56,-10.13m/s,-0.41m/s, 194.35m/s,-2.85m/s,55.51,220.51,-0.18, 0.17, 0.028
 296s,   428.66,-7.68m/s, 2.45m/s, 191.49m/s,-2.86m/s,55.29,220.29, 0.03, 0.20, 0.028
 297s,   420.78,-8.08m/s,-0.41m/s, 188.63m/s,-2.86m/s,55.07,220.07, 0.18, 0.17,-0.028
 298s,   412.49,-8.49m/s,-0.41m/s, 185.77m/s,-2.86m/s,54.84,219.84, 0.31, 0.14,-0.028
 299s,   403.80,-8.90m/s,-0.41m/s, 182.91m/s,-2.87m/s,54.62,219.62, 0.41, 0.11,-0.028
 300s,   394.70,-9.30m/s,-0.41m/s, 180.04m/s,-2.87m/s,54.40,219.40, 0.48, 0.08,-0.028
 301s,   385.19,-9.71m/s,-0.41m/s, 177.17m/s,-2.87m/s,54.18,219.18, 0.52, 0.06,-0.028
 302s,   375.28,-10.11m/s,-0.41m/s, 174.29m/s,-2.87m/s,53.96,218.96, 0.53, 0.03,-0.028
 303s,   366.40,-7.64m/s, 2.47m/s, 171.41m/s,-2.88m/s,53.73,218.73, 0.51,-0.00,-0.028
 304s,   358.56,-8.05m/s,-0.41m/s, 168.53m/s,-2.88m/s,53.51,218.51, 0.47,-0.03,-0.028
 305s,   350.30,-8.46m/s,-0.41m/s, 165.65m/s,-2.88m/s,53.29,218.29, 0.40,-0.06,-0.029
 306s,   341.64,-8.86m/s,-0.41m/s, 162.76m/s,-2.89m/s,53.07,218.07, 0.30,-0.09,-0.029
 307s,   332.58,-9.27m/s,-0.41m/s, 159.88m/s,-2.89m/s,52.85,217.85, 0.17,-0.12,-0.029
 308s,   323.11,-9.67m/s,-0.41m/s, 156.98m/s,-2.89m/s,52.62,217.62, 0.01,-0.14,-0.029
 309s,   313.23,-10.08m/s,-0.41m/s, 154.09m/s,-2.89m/s,52.40,217.40,-0.18,-0.17,-0.029
 310s,   304.40,-7.59m/s, 2.49m/s, 151.19m/s,-2.90m/s,52.18,217.18,-0.31,-0.14, 0.029
 311s,   296.61,-7.99m/s,-0.41m/s, 148.29m/s,-2.90m/s,51.96,216.96,-0.41,-0.12, 0.029
 312s,   288.41,-8.40m/s,-0.41m/s, 145.39m/s,-2.90m/s,51.74,216.74,-0.48,-0.09, 0.029
 313s,   279.81,-8.81m/s,-0.41m/s, 142.48m/s,-2.91m/s,51.51,216.51,-0.52,-0.06, 0.029
 314s,   270.80,-9.21m/s,-0.41m/s, 139.57m/s,-2.91m/s,51.29,216.29,-0.54,-0.03, 0.029
 315s,   261.39,-9.62m/s,-0.41m/s, 136.66m/s,-2.91m/s,51.07,216.07,-0.52, 0.00, 0.029
 316s,   251.57,-10.02m/s,-0.41m/s, 133.74m/s,-2.92m/s,50.85,215.85,-0.48, 0.03, 0.029
 317s,   242.80,-7.51m/s, 2.51m/s, 130.82m/s,-2.92m/s,50.63,215.63,-0.40, 0.06, 0.029
 318s,   235.08,-7.92m/s,-0.41m/s, 127.90m/s,-2.92m/s,50.40,215.40,-0.30, 0.09, 0.029
 319s,   226.96,-8.32m/s,-0.41m/s, 124.98m/s,-2.92m/s,50.18,215.18,-0.17, 0.12, 0.029
 320s,   218.44,-8.73m/s,-0.41m/s, 122.05m/s,-2.93m/s,49.96,214.96,-0.00, 0.15, 0.029
 321s,   209.51,-9.14m/s,-0.41m/s, 119.12m/s,-2.93m/s,49.74,214.74, 0.19, 0.18, 0.029
 322s,   200.17,-9.54m/s,-0.41m/s, 116.18m/s,-2.93m/s,49.52,214.52, 0.32, 0.15,-0.030
 323s,   190.42,-9.95m/s,-0.41m/s, 113.25m/s,-2.94m/s,49.29,214.29, 0.42, 0.12,-0.030
 324s,   180.27,-10.35m/s,-0.41m/s, 110.31m/s,-2.94m/s,49.07,214.07, 0.50, 0.09,-0.030
 325s,   171.19,-7.82m/s, 2.54m/s, 107.36m/s,-2.94m/s,48.85,213.85, 0.54, 0.06,-0.030
 326s,   163.17,-8.22m/s,-0.41m/s, 104.42m/s,-2.95m/s,48.63,213.63, 0.55, 0.03,-0.030
 327s,   154.74,-8.63m/s,-0.41m/s, 101.47m/s,-2.95m/s,48.41,213.41, 0.54,-0.00,-0.030
 328s,   145.91,-9.03m/s,-0.41m/s,  98.52m/s,-2.95m/s,48.18,213.18, 0.49,-0.03,-0.030
 329s,   136.67,-9.44m/s,-0.41m/s,  95.56m/s,-2.96m/s,47.96,212.96, 0.41,-0.06,-0.030
 330s,   127.03,-9.85m/s,-0.41m/s,  92.60m/s,-2.96m/s,47.74,212.74, 0.31,-0.09,-0.030
 331s,   116.98,-10.25m/s,-0.41m/s,  89.64m/s,-2.96m/s,47.52,212.52, 0.17,-0.12,-0.030
 332s,   108.01,-7.69m/s, 2.56m/s,  86.68m/s,-2.96m/s,47.30,212.30, 0.01,-0.15,-0.030
 333s,   100.11,-8.10m/s,-0.41m/s,  83.71m/s,-2.97m/s,47.07,212.07,-0.19,-0.18,-0.030
 334s,    91.81,-8.51m/s,-0.41m/s,  80.74m/s,-2.97m/s,46.85,211.85,-0.33,-0.15, 0.030
 335s,    84.58,-5.94m/s, 2.57m/s,  77.77m/s,-2.97m/s,46.63,211.63,-0.43,-0.12, 0.030
 336s,    79.93,-3.37m/s, 2.57m/s,  74.79m/s,-2.98m/s,46.41,211.41,-0.51,-0.09, 0.030
 337s,    76.36,-3.77m/s,-0.41m/s,  71.81m/s,-2.98m/s,46.19,211.19,-0.55,-0.06, 0.030
 338s,    72.38,-4.18m/s,-0.41m/s,  68.83m/s,-2.98m/s,45.96,210.96,-0.57,-0.03, 0.031
 339s,    68.00,-4.59m/s,-0.41m/s,  65.84m/s,-2.99m/s,45.74,210.74,-0.55, 0.00, 0.031
 340s,    63.21,-4.99m/s,-0.41m/s,  62.85m/s,-2.99m/s,45.52,210.52,-0.50, 0.03, 0.031
 341s,    58.01,-5.40m/s,-0.41m/s,  59.86m/s,-2.99m/s,45.30,210.30,-0.43, 0.06, 0.031
 342s,    53.91,-2.81m/s, 2.59m/s,  56.86m/s,-3.00m/s,45.08,210.08,-0.32, 0.09, 0.031
 343s,    50.90,-3.21m/s,-0.41m/s,  53.86m/s,-3.00m/s,44.85,209.85,-0.18, 0.12, 0.031
 344s,    47.48,-3.62m/s,-0.41m/s,  50.86m/s,-3.00m/s,44.63,209.63,-0.01, 0.16, 0.031
 345s,    43.66,-4.03m/s,-0.41m/s,  47.86m/s,-3.01m/s,44.41,209.41, 0.19, 0.19, 0.031
 346s,    39.43,-4.43m/s,-0.41m/s,  44.85m/s,-3.01m/s,44.19,209.19, 0.33, 0.15,-0.031
 347s,    34.79,-4.84m/s,-0.41m/s,  41.83m/s,-3.01m/s,43.97,208.97, 0.44, 0.12,-0.031
 348s,    29.75,-5.25m/s,-0.41m/s,  38.82m/s,-3.01m/s,43.74,208.74, 0.52, 0.09,-0.031
 349s,    25.81,-2.63m/s, 2.61m/s,  35.80m/s,-3.02m/s,43.52,208.52, 0.56, 0.06,-0.031
 350s,    22.97,-3.04m/s,-0.41m/s,  32.78m/s,-3.02m/s,43.30,208.30, 0.58, 0.03,-0.031
 351s,    19.73,-3.45m/s,-0.41m/s,  29.76m/s,-3.02m/s,43.08,208.08, 0.56,-0.00,-0.031
 352s,    16.08,-3.85m/s,-0.41m/s,  26.73m/s,-3.03m/s,42.86,207.86, 0.51,-0.03,-0.031
 353s,    12.03,-4.26m/s,-0.41m/s,  23.70m/s,-3.03m/s,42.63,207.63, 0.43,-0.06,-0.032
 354s,     7.57,-4.66m/s,-0.41m/s,  20.66m/s,-3.03m/s,42.41,207.41, 0.32,-0.10,-0.032
 355s,     2.70,-5.07m/s,-0.41m/s,  17.63m/s,-3.04m/s,42.19,207.19, 0.18,-0.13,-0.032
Time,Alt,V-Speed,V-Acc,H-Speed,H-Acc,Fuel,Weight,Angle,A-Speed,A-Acc
   0s, 13748.00,-24.80m/s, 0.00m/s, 932.00m/s, 0.00m/s,121.00,286.00,58.30, 0.00, 0.000
   1s, 13723.00,-25.20m/s,-0.40m/s, 929.80m/s,-2.20m/s,120.78,285.78,58.28,-0.02,-0.017
   2s, 13697.59,-25.61m/s,-0.40m/s, 927.59m/s,-2.20m/s,120.56,285.56,58.23,-0.03,-0.017
   3s, 13671.79,-26.01m/s,-0.40m/s, 925.39m/s,-2.21m/s,120.33,285.33,58.17,-0.05,-0.017
   4s, 13645.58,-26.41m/s,-0.40m/s, 923.18m/s,-2.21m/s,120.11,285.11,58.10,-0.07,-0.017
   5s, 13618.96,-26.81m/s,-0.40m/s, 920.97m/s,-2.21m/s,119.89,284.89,58.01,-0.08,-0.017
   6s, 13591.95,-27.22m/s,-0.40m/s, 918.76m/s,-2.21m/s,119.67,284.67,57.90,-0.10,-0.017
   7s, 13564.53,-27.62m/s,-0.40m/s, 916.54m/s,-2.21m/s,119.45,284.45,57.77,-0.12,-0.017
   8s, 13536.71,-28.02m/s,-0.40m/s, 914.33m/s,-2.21m/s,119.22,284.22,57.63,-0.13,-0.017
   9s, 13508.48,-28.43m/s,-0.40m/s, 912.11m/s,-2.22m/s,119.00,284.00,57.47,-0.15,-0.017
  10s, 13479.85,-28.83m/s,-0.40m/s, 909.89m/s,-2.22m/s,118.78,283.78,57.30,-0.17,-0.017
  11s, 13450.82,-29.23m/s,-0.40m/s, 907.67m/s,-2.22m/s,118.56,283.56,57.10,-0.18,-0.017
  12s, 13421.39,-29.64m/s,-0.40m/s, 905.45m/s,-2.22m/s,118.34,283.34,56.89,-0.20,-0.017
  13s, 13391.55,-30.04m/s,-0.40m/s, 903.23m/s,-2.22m/s,118.11,283.11,56.67,-0.22,-0.017
  14s, 13361.31,-30.44m/s,-0.40m/s, 901.00m/s,-2.23m/s,117.89,282.89,56.42,-0.24,-0.017
  15s, 13330.67,-30.84m/s,-0.40m/s, 898.78m/s,-2.23m/s,117.67,282.67,56.16,-0.25,-0.017
  16s, 13299.62,-31.25m/s,-0.40m/s, 896.55m/s,-2.23m/s,117.45,282.45,55.88,-0.27,-0.017
  17s, 13268.18,-31.65m/s,-0.40m/s, 894.32m/s,-2.23m/s,117.23,282.23,55.59,-0.29,-0.017
  18s, 13236.32,-32.05m/s,-0.40m/s, 892.09m/s,-2.23m/s,117.00,282.00,55.28,-0.30,-0.017
  19s, 13204.07,-32.46m/s,-0.40m/s, 889.85m/s,-2.23m/s,116.78,281.78,54.97,-0.30, 0.000
  20s, 13171.41,-32.86m/s,-0.40m/s, 887.62m/s,-2.24m/s,116.56,281.56,54.67,-0.30, 0.000
  21s, 13138.35,-33.26m/s,-0.40m/s, 885.38m/s,-2.24m/s,116.34,281.34,54.36,-0.30, 0.000
  22s, 13104.89,-33.67m/s,-0.40m/s, 883.14m/s,-2.24m/s,116.12,281.12,54.06,-0.30, 0.000
  23s, 13071.02,-34.07m/s,-0.40m/s, 880.90m/s,-2.24m/s,115.89,280.89,53.76,-0.30, 0.000
  24s, 13036.75,-34.47m/s,-0.40m/s, 878.66m/s,-2.24m/s,115.67,280.67,53.45,-0.30, 0.000
  25s, 13002.08,-34.87m/s,-0.40m/s, 876.41m/s,-2.24m/s,115.45,280.45,53.15,-0.30, 0.000
  26s, 12967.00,-35.28m/s,-0.40m/s, 874.16m/s,-2.25m/s,115.23,280.23,52.84,-0.30, 0.000
  27s, 12931.52,-35.68m/s,-0.40m/s, 871.92m/s,-2.25m/s,115.01,280.01,52.54,-0.30, 0.000
  28s, 12895.64,-36.08m/s,-0.40m/s, 869.67m/s,-2.25m/s,114.78,279.78,52.24,-0.30, 0.000
  29s, 12859.36,-36.49m/s,-0.40m/s, 867.41m/s,-2.25m/s,114.56,279.56,51.93,-0.30, 0.000
  30s, 12822.67,-36.89m/s,-0.40m/s, 865.16m/s,-2.25m/s,114.34,279.34,51.63,-0.30, 0.000
  31s, 12785.58,-37.29m/s,-0.40m/s, 862.91m/s,-2.26m/s,114.12,279.12,51.33,-0.30, 0.000
  32s, 12748.08,-37.70m/s,-0.40m/s, 860.65m/s,-2.26m/s,113.90,278.90,51.02,-0.30, 0.000
  33s, 12710.18,-38.10m/s,-0.40m/s, 858.39m/s,-2.26m/s,113.67,278.67,50.72,-0.30, 0.000
  34s, 12671.88,-38.50m/s,-0.40m/s, 856.13m/s,-2.26m/s,113.45,278.45,50.41,-0.30, 0.000
  35s, 12633.18,-38.91m/s,-0.40m/s, 853.87m/s,-2.26m/s,113.23,278.23,50.11,-0.30, 0.000
  36s, 12594.07,-39.31m/s,-0.40m/s, 851.60m/s,-2.26m/s,113.01,278.01,49.81,-0.30, 0.000
  37s, 12554.56,-39.71m/s,-0.40m/s, 849.34m/s,-2.27m/s,112.79,277.79,49.50,-0.30, 0.000
  38s, 12514.65,-40.12m/s,-0.40m/s, 847.07m/s,-2.27m/s,112.56,277.56,49.20,-0.30, 0.000
  39s, 12474.33,-40.52m/s,-0.40m/s, 844.80m/s,-2.27m/s,112.34,277.34,48.90,-0.30, 0.000
  40s, 12433.61,-40.92m/s,-0.40m/s, 842.53m/s,-2.27m/s,112.12,277.12,48.59,-0.30, 0.000
  41s, 12392.49,-41.32m/s,-0.40m/s, 840.25m/s,-2.27m/s,111.90,276.90,48.29,-0.30, 0.000
  42s, 12350.96,-41.73m/s,-0.40m/s, 837.98m/s,-2.28m/s,111.68,276.68,47.98,-0.30, 0.000
  43s, 12309.03,-42.13m/s,-0.40m/s, 835.70m/s,-2.28m/s,111.45,276.45,47.68,-0.30, 0.000
  44s, 12266.70,-42.53m/s,-0.40m/s, 833.42m/s,-2.28m/s,111.23,276.23,47.38,-0.30, 0.000
  45s, 12223.96,-42.94m/s,-0.40m/s, 831.14m/s,-2.28m/s,111.01,276.01,47.07,-0.30, 0.000
  46s, 12180.82,-43.34m/s,-0.40m/s, 828.86m/s,-2.28m/s,110.79,275.79,46.77,-0.30, 0.000
  47s, 12137.28,-43.74m/s,-0.40m/s, 826.57m/s,-2.28m/s,110.57,275.57,46.47,-0.30, 0.000
  48s, 12093.34,-44.15m/s,-0.40m/s, 824.29m/s,-2.29m/s,110.34,275.34,46.16,-0.30, 0.000
  49s, 12048.99,-44.55m/s,-0.40m/s, 822.00m/s,-2.29m/s,110.12,275.12,45.86,-0.30, 0.000
  50s, 12004.23,-44.95m/s,-0.40m/s, 819.71m/s,-2.29m/s,109.90,274.90,45.55,-0.30, 0.000
  51s, 11959.08,-45.36m/s,-0.40m/s, 817.42m/s,-2.29m/s,109.68,274.68,45.25,-0.30, 0.000
  52s, 11913.52,-45.76m/s,-0.40m/s, 815.12m/s,-2.29m/s,109.46,274.46,44.95,-0.30, 0.000
  53s, 11867.56,-46.16m/s,-0.40m/s, 812.83m/s,-2.30m/s,109.23,274.23,44.64,-0.30, 0.000
  54s, 11821.19,-46.57m/s,-0.40m/s, 810.53m/s,-2.30m/s,109.01,274.01,44.34,-0.30, 0.000
  55s, 11774.42,-46.97m/s,-0.40m/s, 808.23m/s,-2.30m/s,108.79,273.79,44.04,-0.30, 0.000
  56s, 11727.25,-47.37m/s,-0.40m/s, 805.93m/s,-2.30m/s,108.57,273.57,43.73,-0.30, 0.000
  57s, 11679.68,-47.78m/s,-0.40m/s, 803.63m/s,-2.30m/s,108.35,273.35,43.43,-0.30, 0.000
  58s, 11631.70,-48.18m/s,-0.40m/s, 801.32m/s,-2.30m/s,108.12,273.12,43.12,-0.30, 0.000
  59s, 11583.31,-48.58m/s,-0.40m/s, 799.02m/s,-2.31m/s,107.90,272.90,42.82,-0.30, 0.000
  60s, 11534.53,-48.99m/s,-0.40m/s, 796.71m/s,-2.31m/s,107.68,272.68,42.52,-0.30, 0.000
  61s, 11485.34,-49.39m/s,-0.40m/s, 794.40m/s,-2.31m/s,107.46,272.46,42.21,-0.30, 0.000
  62s, 11435.75,-49.79m/s,-0.40m/s, 792.09m/s,-2.31m/s,107.24,272.24,41.91,-0.30, 0.000
  63s, 11385.75,-50.20m/s,-0.40m/s, 789.77m/s,-2.31m/s,107.01,272.01,41.61,-0.30, 0.000
  64s, 11335.35,-50.60m/s,-0.40m/s, 787.46m/s,-2.32m/s,106.79,271.79,41.30,-0.30, 0.000
  65s, 11284.55,-51.00m/s,-0.40m/s, 785.14m/s,-2.32m/s,106.57,271.57,41.00,-0.30, 0.000
  66s, 11233.34,-51.41m/s,-0.40m/s, 782.82m/s,-2.32m/s,106.35,271.35,40.69,-0.30, 0.000
  67s, 11181.73,-51.81m/s,-0.40m/s, 780.50m/s,-2.32m/s,106.13,271.13,40.39,-0.30, 0.000
  68s, 11129.72,-52.22m/s,-0.40m/s, 778.17m/s,-2.32m/s,105.90,270.90,40.09,-0.30, 0.000
  69s, 11077.30,-52.62m/s,-0.40m/s, 775.85m/s,-2.33m/s,105.68,270.68,39.78,-0.30, 0.000
  70s, 11024.48,-53.02m/s,-0.40m/s, 773.52m/s,-2.33m/s,105.46,270.46,39.48,-0.30, 0.000
  71s, 10971.26,-53.43m/s,-0.40m/s, 771.19m/s,-2.33m/s,105.24,270.24,39.18,-0.30, 0.000
  72s, 10917.63,-53.83m/s,-0.40m/s, 768.86m/s,-2.33m/s,105.02,270.02,38.87,-0.30, 0.000
  73s, 10863.60,-54.23m/s,-0.40m/s, 766.53m/s,-2.33m/s,104.79,269.79,38.57,-0.30, 0.000
  74s, 10809.16,-54.64m/s,-0.40m/s, 764.19m/s,-2.34m/s,104.57,269.57,38.26,-0.30, 0.000
  75s, 10754.33,-55.04m/s,-0.40m/s, 761.85m/s,-2.34m/s,104.35,269.35,37.96,-0.30, 0.000
  76s, 10699.08,-55.44m/s,-0.40m/s, 759.52m/s,-2.34m/s,104.13,269.13,37.66,-0.30, 0.000
  77s, 10643.44,-55.85m/s,-0.40m/s, 757.17m/s,-2.34m/s,103.91,268.91,37.35,-0.30, 0.000
  78s, 10587.39,-56.25m/s,-0.40m/s, 754.83m/s,-2.34m/s,103.68,268.68,37.05,-0.30, 0.000
  79s, 10530.94,-56.65m/s,-0.40m/s, 752.49m/s,-2.34m/s,103.46,268.46,36.75,-0.30, 0.000
  80s, 10474.08,-57.06m/s,-0.40m/s, 750.14m/s,-2.35m/s,103.24,268.24,36.44,-0.30, 0.000
  81s, 10416.82,-57.46m/s,-0.40m/s, 747.79m/s,-2.35m/s,103.02,268.02,36.14,-0.30, 0.000
  82s, 10359.16,-57.87m/s,-0.40m/s, 745.44m/s,-2.35m/s,102.80,267.80,35.83,-0.30, 0.000
  83s, 10301.09,-58.27m/s,-0.40m/s, 743.09m/s,-2.35m/s,102.57,267.57,35.53,-0.30, 0.000
  84s, 10242.62,-58.67m/s,-0.40m/s, 740.73m/s,-2.35m/s,102.35,267.35,35.23,-0.30, 0.000
  85s, 10183.75,-59.08m/s,-0.40m/s, 738.38m/s,-2.36m/s,102.13,267.13,34.92,-0.30, 0.000
  86s, 10124.47,-59.48m/s,-0.40m/s, 736.02m/s,-2.36m/s,101.91,266.91,34.62,-0.30, 0.000
  87s, 10064.79,-59.88m/s,-0.40m/s, 733.66m/s,-2.36m/s,101.69,266.69,34.32,-0.30, 0.000
  88s, 10004.70,-60.29m/s,-0.40m/s, 731.30m/s,-2.36m/s,101.46,266.46,34.01,-0.30, 0.000
  89s,  9944.21,-60.69m/s,-0.40m/s, 728.93m/s,-2.36m/s,101.24,266.24,33.71,-0.30, 0.000
  90s,  9884.50,-58.73m/s, 1.96m/s, 726.57m/s,-2.37m/s,101.02,266.02,33.40,-0.30, 0.000
  91s,  9826.75,-56.76m/s, 1.96m/s, 724.20m/s,-2.37m/s,100.80,265.80,33.10,-0.30, 0.000
  92s,  9770.97,-54.80m/s, 1.97m/s, 721.83m/s,-2.37m/s,100.58,265.58,32.80,-0.30, 0.000
  93s,  9717.16,-52.83m/s, 1.97m/s, 719.45m/s,-2.37m/s,100.35,265.35,32.49,-0.30, 0.000
  94s,  9665.31,-50.86m/s, 1.97m/s, 717.08m/s,-2.37m/s,100.13,265.13,32.19,-0.30, 0.000
  95s,  9615.44,-48.89m/s, 1.97m/s, 714.70m/s,-2.38m/s,99.91,264.91,31.89,-0.30, 0.000
  96s,  9566.35,-49.29m/s,-0.40m/s, 712.33m/s,-2.38m/s,99.69,264.69,31.58,-0.30, 0.000
  97s,  9516.86,-49.69m/s,-0.40m/s, 709.95m/s,-2.38m/s,99.47,264.47,31.28,-0.30, 0.000
  98s,  9466.96,-50.10m/s,-0.40m/s, 707.56m/s,-2.38m/s,99.24,264.24,30.97,-0.30, 0.000
  99s,  9417.85,-48.12m/s, 1.98m/s, 705.18m/s,-2.38m/s,99.02,264.02,30.67,-0.30, 0.000
 100s,  9369.53,-48.52m/s,-0.40m/s, 702.79m/s,-2.39m/s,98.80,263.80,30.37,-0.30, 0.000
 101s,  9320.81,-48.93m/s,-0.40m/s, 700.41m/s,-2.39m/s,98.58,263.58,30.06,-0.30, 0.000
 102s,  9271.68,-49.33m/s,-0.40m/s, 698.02m/s,-2.39m/s,98.36,263.36,29.76,-0.30, 0.000
 103s,  9222.15,-49.73m/s,-0.40m/s, 695.62m/s,-2.39m/s,98.13,263.13,29.45,-0.30, 0.000
 104s,  9172.21,-50.14m/s,-0.40m/s, 693.23m/s,-2.39m/s,97.91,262.91,29.15,-0.30, 0.000
 105s,  9123.07,-48.15m/s, 1.99m/s, 690.83m/s,-2.40m/s,97.69,262.69,28.85,-0.30, 0.000
 106s,  9074.72,-48.55m/s,-0.40m/s, 688.43m/s,-2.40m/s,97.47,262.47,28.54,-0.30, 0.000
 107s,  9025.97,-48.95m/s,-0.40m/s, 686.03m/s,-2.40m/s,97.25,262.25,28.24,-0.30, 0.000
 108s,  8976.82,-49.36m/s,-0.40m/s, 683.63m/s,-2.40m/s,97.02,262.02,27.94,-0.30, 0.000
 109s,  8927.26,-49.76m/s,-0.40m/s, 681.23m/s,-2.40m/s,96.80,261.80,27.63,-0.30, 0.000
 110s,  8877.29,-50.17m/s,-0.40m/s, 678.82m/s,-2.41m/s,96.58,261.58,27.33,-0.30, 0.000
 111s,  8828.13,-48.16m/s, 2.00m/s, 676.41m/s,-2.41m/s,96.36,261.36,27.02,-0.30, 0.000
 112s,  8779.77,-48.57m/s,-0.40m/s, 674.00m/s,-2.41m/s,96.14,261.14,26.72,-0.30, 0.000
 113s,  8731.00,-48.97m/s,-0.40m/s, 671.59m/s,-2.41m/s,95.91,260.91,26.42,-0.30, 0.000
 114s,  8681.83,-49.37m/s,-0.40m/s, 669.18m/s,-2.41m/s,95.69,260.69,26.11,-0.30, 0.000
 115s,  8632.25,-49.78m/s,-0.40m/s, 666.76m/s,-2.42m/s,95.47,260.47,25.81,-0.30, 0.000
 116s,  8582.27,-50.18m/s,-0.40m/s, 664.34m/s,-2.42m/s,95.25,260.25,25.51,-0.30, 0.000
 117s,  8533.10,-48.16m/s, 2.02m/s, 661.92m/s,-2.42m/s,95.03,260.03,25.20,-0.30, 0.000
 118s,  8484.73,-48.57m/s,-0.40m/s, 659.50m/s,-2.42m/s,94.80,259.80,24.90,-0.30, 0.000
 119s,  8435.96,-48.97m/s,-0.40m/s, 657.07m/s,-2.42m/s,94.58,259.58,24.59,-0.30, 0.000
 120s,  8386.79,-49.38m/s,-0.40m/s, 654.64m/s,-2.43m/s,94.36,259.36,24.29,-0.30, 0.000
 121s,  8337.21,-49.78m/s,-0.40m/s, 652.22m/s,-2.43m/s,94.14,259.14,23.99,-0.30, 0.000
 122s,  8287.22,-50.19m/s,-0.40m/s, 649.78m/s,-2.43m/s,93.92,258.92,23.68,-0.30, 0.000
 123s,  8238.05,-48.16m/s, 2.03m/s, 647.35m/s,-2.43m/s,93.69,258.69,23.38,-0.30, 0.000
 124s,  8189.69,-48.56m/s,-0.40m/s, 644.92m/s,-2.44m/s,93.47,258.47,23.08,-0.30, 0.000
 125s,  8140.93,-48.96m/s,-0.40m/s, 642.48m/s,-2.44m/s,93.25,258.25,22.77,-0.30, 0.000
 126s,  8091.76,-49.37m/s,-0.40m/s, 640.04m/s,-2.44m/s,93.03,258.03,22.47,-0.30, 0.000
 127s,  8042.19,-49.77m/s,-0.40m/s, 637.60m/s,-2.44m/s,92.81,257.81,22.16,-0.30, 0.000
 128s,  7992.22,-50.18m/s,-0.40m/s, 635.15m/s,-2.44m/s,92.58,257.58,21.86,-0.30, 0.000
 129s,  7943.06,-48.14m/s, 2.04m/s, 632.71m/s,-2.45m/s,92.36,257.36,21.56,-0.30, 0.000
 130s,  7894.72,-48.54m/s,-0.40m/s, 630.26m/s,-2.45m/s,92.14,257.14,21.25,-0.30, 0.000
 131s,  7845.98,-48.94m/s,-0.40m/s, 627.81m/s,-2.45m/s,91.92,256.92,20.95,-0.30, 0.000
 132s,  7796.83,-49.35m/s,-0.40m/s, 625.36m/s,-2.45m/s,91.70,256.70,20.65,-0.30, 0.000
 133s,  7747.28,-49.75m/s,-0.40m/s, 622.90m/s,-2.45m/s,91.47,256.47,20.34,-0.30, 0.000
 134s,  7697.33,-50.16m/s,-0.40m/s, 620.45m/s,-2.46m/s,91.25,256.25,20.04,-0.30, 0.000
 135s,  7648.20,-48.10m/s, 2.05m/s, 617.99m/s,-2.46m/s,91.03,256.03,19.73,-0.30, 0.000
 136s,  7599.89,-48.51m/s,-0.40m/s, 615.53m/s,-2.46m/s,90.81,255.81,19.43,-0.30, 0.000
 137s,  7551.18,-48.91m/s,-0.40m/s, 613.06m/s,-2.46m/s,90.59,255.59,19.13,-0.30, 0.000
 138s,  7502.07,-49.32m/s,-0.40m/s, 610.60m/s,-2.46m/s,90.36,255.36,18.82,-0.30, 0.000
 139s,  7452.55,-49.72m/s,-0.40m/s, 608.13m/s,-2.47m/s,90.14,255.14,18.52,-0.30, 0.000
 140s,  7402.63,-50.12m/s,-0.40m/s, 605.66m/s,-2.47m/s,89.92,254.92,18.22,-0.30, 0.000
 141s,  7353.54,-48.06m/s, 2.07m/s, 603.19m/s,-2.47m/s,89.70,254.70,17.91,-0.30, 0.000
 142s,  7305.28,-48.46m/s,-0.40m/s, 600.72m/s,-2.47m/s,89.48,254.48,17.61,-0.30, 0.000
 143s,  7256.61,-48.87m/s,-0.40m/s, 598.24m/s,-2.48m/s,89.25,254.25,17.30,-0.30, 0.000
 144s,  7207.54,-49.27m/s,-0.40m/s, 595.77m/s,-2.48m/s,89.03,254.03,17.00,-0.30, 0.000
 145s,  7158.07,-49.68m/s,-0.40m/s, 593.29m/s,-2.48m/s,88.81,253.81,16.70,-0.30, 0.000
 146s,  7108.19,-50.08m/s,-0.40m/s, 590.80m/s,-2.48m/s,88.59,253.59,16.39,-0.30, 0.000
 147s,  7059.15,-48.00m/s, 2.08m/s, 588.32m/s,-2.48m/s,88.37,253.37,16.09,-0.30, 0.000
 148s,  7010.95,-48.40m/s,-0.40m/s, 585.83m/s,-2.49m/s,88.14,253.14,15.79,-0.30, 0.000
 149s,  6962.35,-48.81m/s,-0.40m/s, 583.34m/s,-2.49m/s,87.92,252.92,15.48,-0.30, 0.000
 150s,  6913.33,-49.21m/s,-0.40m/s, 580.85m/s,-2.49m/s,87.70,252.70,15.18,-0.30, 0.000
 151s,  6863.92,-49.62m/s,-0.40m/s, 578.36m/s,-2.49m/s,87.48,252.48,14.87,-0.30, 0.000
 152s,  6814.10,-50.02m/s,-0.40m/s, 575.86m/s,-2.50m/s,87.26,252.26,14.57,-0.30, 0.000
 153s,  6765.12,-47.93m/s, 2.09m/s, 573.37m/s,-2.50m/s,87.03,252.03,14.27,-0.30, 0.000
 154s,  6716.99,-48.33m/s,-0.40m/s, 570.87m/s,-2.50m/s,86.81,251.81,13.96,-0.30, 0.000
 155s,  6668.46,-48.74m/s,-0.40m/s, 568.37m/s,-2.50m/s,86.59,251.59,13.66,-0.30, 0.000
 156s,  6619.51,-49.14m/s,-0.40m/s, 565.86m/s,-2.50m/s,86.37,251.37,13.36,-0.30, 0.000
 157s,  6570.17,-49.55m/s,-0.40m/s, 563.35m/s,-2.51m/s,86.15,251.15,13.05,-0.30, 0.000
 158s,  6520.42,-49.95m/s,-0.40m/s, 560.85m/s,-2.51m/s,85.92,250.92,12.75,-0.30, 0.000
 159s,  6470.27,-50.36m/s,-0.40m/s, 558.34m/s,-2.51m/s,85.70,250.70,12.44,-0.30, 0.000
 160s,  6420.96,-48.25m/s, 2.11m/s, 555.82m/s,-2.51m/s,85.48,250.48,12.14,-0.30, 0.000
 161s,  6372.51,-48.65m/s,-0.40m/s, 553.31m/s,-2.52m/s,85.26,250.26,11.84,-0.30, 0.000
 162s,  6323.66,-49.06m/s,-0.40m/s, 550.79m/s,-2.52m/s,85.04,250.04,11.53,-0.30, 0.000
 163s,  6274.40,-49.46m/s,-0.40m/s, 548.27m/s,-2.52m/s,84.81,249.81,11.23,-0.30, 0.000
 164s,  6224.73,-49.87m/s,-0.40m/s, 545.75m/s,-2.52m/s,84.59,249.59,10.93,-0.30, 0.000
 165s,  6174.66,-50.27m/s,-0.40m/s, 543.22m/s,-2.52m/s,84.37,249.37,10.62,-0.30, 0.000
 166s,  6125.45,-48.15m/s, 2.12m/s, 540.70m/s,-2.53m/s,84.15,249.15,10.32,-0.30, 0.000
 167s,  6077.10,-48.55m/s,-0.40m/s, 538.17m/s,-2.53m/s,83.93,248.93,10.01,-0.30, 0.000
 168s,  6028.35,-48.96m/s,-0.40m/s, 535.64m/s,-2.53m/s,83.70,248.70, 9.71,-0.30, 0.000
 169s,  5979.18,-49.36m/s,-0.40m/s, 533.11m/s,-2.53m/s,83.48,248.48, 9.41,-0.30, 0.000
 170s,  5929.62,-49.77m/s,-0.40m/s, 530.57m/s,-2.54m/s,83.26,248.26, 9.10,-0.30, 0.000
 171s,  5879.65,-50.17m/s,-0.40m/s, 528.03m/s,-2.54m/s,83.04,248.04, 8.80,-0.30, 0.000
 172s,  5830.54,-48.04m/s, 2.14m/s, 525.49m/s,-2.54m/s,82.82,247.82, 8.49,-0.30, 0.000
 173s,  5782.30,-48.44m/s,-0.40m/s, 522.95m/s,-2.54m/s,82.59,247.59, 8.19,-0.30, 0.000
 174s,  5733.66,-48.85m/s,-0.40m/s, 520.41m/s,-2.54m/s,82.37,247.37, 7.89,-0.30, 0.000
 175s,  5684.61,-49.25m/s,-0.40m/s, 517.86m/s,-2.55m/s,82.15,247.15, 7.58,-0.30, 0.000
 176s,  5635.15,-49.66m/s,-0.40m/s, 515.31m/s,-2.55m/s,81.93,246.93, 7.28,-0.30, 0.000
 177s,  5585.29,-50.06m/s,-0.40m/s, 512.76m/s,-2.55m/s,81.71,246.71, 6.98,-0.30, 0.000
 178s,  5536.31,-47.91m/s, 2.15m/s, 510.20m/s,-2.55m/s,81.48,246.48, 6.67,-0.30, 0.000
 179s,  5488.19,-48.32m/s,-0.40m/s, 507.65m/s,-2.56m/s,81.26,246.26, 6.37,-0.30, 0.000
 180s,  5439.67,-48.72m/s,-0.40m/s, 505.09m/s,-2.56m/s,81.04,246.04, 6.06,-0.30, 0.000
 181s,  5390.75,-49.13m/s,-0.40m/s, 502.53m/s,-2.56m/s,80.82,245.82, 5.76,-0.30, 0.000
 182s,  5341.42,-49.53m/s,-0.40m/s, 499.97m/s,-2.56m/s,80.60,245.60, 5.46,-0.30, 0.000
 183s,  5291.68,-49.94m/s,-0.40m/s, 497.40m/s,-2.57m/s,80.37,245.37, 5.15,-0.30, 0.000
 184s,  5241.54,-50.34m/s,-0.40m/s, 494.83m/s,-2.57m/s,80.15,245.15, 4.85,-0.30, 0.000
 185s,  5192.28,-48.18m/s, 2.16m/s, 492.26m/s,-2.57m/s,79.93,244.93, 4.55,-0.30, 0.000
 186s,  5143.91,-48.58m/s,-0.40m/s, 489.69m/s,-2.57m/s,79.71,244.71, 4.24,-0.30, 0.000
 187s,  5095.12,-48.99m/s,-0.40m/s, 487.12m/s,-2.57m/s,79.49,244.49, 3.94,-0.30, 0.000
 188s,  5045.93,-49.39m/s,-0.40m/s, 484.54m/s,-2.58m/s,79.26,244.26, 3.63,-0.30, 0.000
 189s,  4996.34,-49.80m/s,-0.40m/s, 481.96m/s,-2.58m/s,79.04,244.04, 3.33,-0.30, 0.000
 190s,  4946.34,-50.20m/s,-0.40m/s, 479.38m/s,-2.58m/s,78.82,243.82, 3.03,-0.30, 0.000
 191s,  4897.23,-48.02m/s, 2.18m/s, 476.80m/s,-2.58m/s,78.60,243.60, 2.72,-0.30, 0.000
 192s,  4849.00,-48.43m/s,-0.40m/s, 474.21m/s,-2.59m/s,78.38,243.38, 2.42,-0.30, 0.000
 193s,  4800.37,-48.83m/s,-0.40m/s, 471.62m/s,-2.59m/s,78.15,243.15, 2.12,-0.30, 0.000
 194s,  4751.34,-49.24m/s,-0.40m/s, 469.03m/s,-2.59m/s,77.93,242.93, 1.81,-0.30, 0.000
 195s,  4701.90,-49.64m/s,-0.40m/s, 466.44m/s,-2.59m/s,77.71,242.71, 1.51,-0.30, 0.000
 196s,  4652.05,-50.05m/s,-0.40m/s, 463.84m/s,-2.60m/s,77.49,242.49, 1.20,-0.30, 0.000
 197s,  4603.10,-47.85m/s, 2.19m/s, 461.24m/s,-2.60m/s,77.27,242.27, 0.90,-0.30, 0.000
 198s,  4555.05,-48.26m/s,-0.41m/s, 458.64m/s,-2.60m/s,77.04,242.04, 0.60,-0.30, 0.000
 199s,  4506.58,-48.66m/s,-0.41m/s, 456.04m/s,-2.60m/s,76.82,241.82, 0.29,-0.30, 0.000
 200s,  4457.72,-49.07m/s,-0.41m/s, 453.44m/s,-2.61m/s,76.60,241.60,-0.01,-0.30, 0.000
 201s,  4408.45,-49.47m/s,-0.41m/s, 450.83m/s,-2.61m/s,76.38,241.38,-0.28,-0.28, 0.023
 202s,  4358.77,-49.88m/s,-0.41m/s, 448.22m/s,-2.61m/s,76.16,241.16,-0.52,-0.26, 0.023
 203s,  4308.69,-50.28m/s,-0.41m/s, 445.61m/s,-2.61m/s,75.93,240.93,-0.75,-0.23, 0.023
 204s,  4259.51,-48.07m/s, 2.21m/s, 442.99m/s,-2.61m/s,75.71,240.71,-0.94,-0.21, 0.023
 205s,  4211.23,-48.48m/s,-0.41m/s, 440.37m/s,-2.62m/s,75.49,240.49,-1.12,-0.19, 0.024
 206s,  4162.55,-48.88m/s,-0.41m/s, 437.75m/s,-2.62m/s,75.27,240.27,-1.27,-0.16, 0.024
 207s,  4113.46,-49.29m/s,-0.41m/s, 435.13m/s,-2.62m/s,75.05,240.05,-1.40,-0.14, 0.024
 208s,  4063.97,-49.70m/s,-0.41m/s, 432.51m/s,-2.62m/s,74.82,239.82,-1.50,-0.12, 0.024
 209s,  4014.07,-50.10m/s,-0.41m/s, 429.88m/s,-2.63m/s,74.60,239.60,-1.58,-0.09, 0.024
 210s,  3965.08,-47.88m/s, 2.22m/s, 427.25m/s,-2.63m/s,74.38,239.38,-1.64,-0.07, 0.024
 211s,  3917.00,-48.28m/s,-0.41m/s, 424.62m/s,-2.63m/s,74.16,239.16,-1.67,-0.04, 0.024
 212s,  3868.52,-48.69m/s,-0.41m/s, 421.98m/s,-2.63m/s,73.94,238.94,-1.68,-0.02, 0.024
 213s,  3819.63,-49.09m/s,-0.41m/s, 419.35m/s,-2.64m/s,73.71,238.71,-1.67, 0.00, 0.024
 214s,  3770.33,-49.50m/s,-0.41m/s, 416.71m/s,-2.64m/s,73.49,238.49,-1.63, 0.03, 0.024
 215s,  3720.63,-49.90m/s,-0.41m/s, 414.07m/s,-2.64m/s,73.27,238.27,-1.57, 0.05, 0.024
 216s,  3670.53,-50.31m/s,-0.41m/s, 411.42m/s,-2.64m/s,73.05,238.05,-1.48, 0.07, 0.024
 217s,  3621.34,-48.07m/s, 2.24m/s, 408.78m/s,-2.65m/s,72.83,237.83,-1.37, 0.10, 0.024
 218s,  3573.07,-48.47m/s,-0.41m/s, 406.13m/s,-2.65m/s,72.60,237.60,-1.23, 0.12, 0.024
 219s,  3524.40,-48.88m/s,-0.41m/s, 403.48m/s,-2.65m/s,72.38,237.38,-1.07, 0.15, 0.024
 220s,  3475.32,-49.28m/s,-0.41m/s, 400.82m/s,-2.65m/s,72.16,237.16,-0.89, 0.17, 0.024
 221s,  3425.84,-49.69m/s,-0.41m/s, 398.17m/s,-2.66m/s,71.94,236.94,-0.68, 0.20, 0.024
 222s,  3375.95,-50.09m/s,-0.41m/s, 395.51m/s,-2.66m/s,71.72,236.72,-0.45, 0.22, 0.024
 223s,  3326.98,-47.84m/s, 2.26m/s, 392.85m/s,-2.66m/s,71.49,236.49,-0.19, 0.24, 0.024
 224s,  3278.94,-48.24m/s,-0.41m/s, 390.18m/s,-2.66m/s,71.27,236.27, 0.09, 0.27, 0.024
 225s,  3230.50,-48.65m/s,-0.41m/s, 387.52m/s,-2.67m/s,71.05,236.05, 0.32, 0.24,-0.024
 226s,  3181.65,-49.05m/s,-0.41m/s, 384.85m/s,-2.67m/s,70.83,235.83, 0.53, 0.22,-0.024
 227s,  3132.39,-49.46m/s,-0.41m/s, 382.17m/s,-2.67m/s,70.61,235.61, 0.71, 0.20,-0.024
 228s,  3082.73,-49.86m/s,-0.41m/s, 379.50m/s,-2.67m/s,70.38,235.38, 0.87, 0.17,-0.025
 229s,  3032.67,-50.27m/s,-0.41m/s, 376.82m/s,-2.68m/s,70.16,235.16, 1.00, 0.15,-0.025
 230s,  2983.54,-47.99m/s, 2.27m/s, 374.15m/s,-2.68m/s,69.94,234.94, 1.11, 0.12,-0.025
 231s,  2935.34,-48.40m/s,-0.41m/s, 371.46m/s,-2.68m/s,69.72,234.72, 1.19, 0.10,-0.025
 232s,  2886.74,-48.81m/s,-0.41m/s, 368.78m/s,-2.68m/s,69.50,234.50, 1.25, 0.07,-0.025
 233s,  2837.73,-49.21m/s,-0.41m/s, 366.09m/s,-2.69m/s,69.27,234.27, 1.29, 0.05,-0.025
 234s,  2788.31,-49.62m/s,-0.41m/s, 363.40m/s,-2.69m/s,69.05,234.05, 1.30, 0.02,-0.025
 235s,  2738.49,-50.02m/s,-0.41m/s, 360.71m/s,-2.69m/s,68.83,233.83, 1.28,-0.00,-0.025
 236s,  2689.62,-47.73m/s, 2.29m/s, 358.02m/s,-2.69m/s,68.61,233.61, 1.24,-0.03,-0.025
 237s,  2641.68,-48.14m/s,-0.41m/s, 355.32m/s,-2.70m/s,68.39,233.39, 1.18,-0.05,-0.025
 238s,  2593.34,-48.54m/s,-0.41m/s, 352.62m/s,-2.70m/s,68.16,233.16, 1.09,-0.08,-0.025
 239s,  2544.59,-48.95m/s,-0.41m/s, 349.92m/s,-2.70m/s,67.94,232.94, 0.97,-0.10,-0.025
 240s,  2495.44,-49.36m/s,-0.41m/s, 347.22m/s,-2.70m/s,67.72,232.72, 0.83,-0.13,-0.025
 241s,  2445.88,-49.76m/s,-0.41m/s, 344.51m/s,-2.71m/s,67.50,232.50, 0.67,-0.15,-0.025
 242s,  2395.92,-50.17m/s,-0.41m/s, 341.80m/s,-2.71m/s,67.28,232.28, 0.48,-0.18,-0.025
 243s,  2346.91,-47.86m/s, 2.31m/s, 339.09m/s,-2.71m/s,67.05,232.05, 0.26,-0.20,-0.025
 244s,  2298.85,-48.26m/s,-0.41m/s, 336.37m/s,-2.71m/s,66.83,231.83, 0.02,-0.23,-0.025
 245s,  2250.38,-48.67m/s,-0.41m/s, 333.65m/s,-2.72m/s,66.61,231.61,-0.25,-0.25,-0.025
 246s,  2201.50,-49.08m/s,-0.41m/s, 330.93m/s,-2.72m/s,66.39,231.39,-0.46,-0.23, 0.025
 247s,  2152.23,-49.48m/s,-0.41m/s, 328.21m/s,-2.72m/s,66.17,231.17,-0.65,-0.20, 0.025
 248s,  2102.54,-49.89m/s,-0.41m/s, 325.49m/s,-2.73m/s,65.94,230.94,-0.82,-0.18, 0.025
 249s,  2052.45,-50.29m/s,-0.41m/s, 322.76m/s,-2.73m/s,65.72,230.72,-0.96,-0.15, 0.026
 250s,  2003.32,-47.97m/s, 2.32m/s, 320.03m/s,-2.73m/s,65.50,230.50,-1.07,-0.13, 0.026
 251s,  1955.15,-48.37m/s,-0.41m/s, 317.29m/s,-2.73m/s,65.28,230.28,-1.16,-0.10, 0.026
 252s,  1906.57,-48.78m/s,-0.41m/s, 314.56m/s,-2.74m/s,65.06,230.06,-1.22,-0.08, 0.026
 253s,  1857.59,-49.18m/s,-0.41m/s, 311.82m/s,-2.74m/s,64.83,229.83,-1.26,-0.05, 0.026
 254s,  1808.20,-49.59m/s,-0.41m/s, 309.08m/s,-2.74m/s,64.61,229.61,-1.27,-0.02, 0.026
 255s,  1758.41,-50.00m/s,-0.41m/s, 306.33m/s,-2.74m/s,64.39,229.39,-1.25, 0.00, 0.026
 256s,  1708.21,-50.40m/s,-0.41m/s, 303.59m/s,-2.75m/s,64.17,229.17,-1.21, 0.03, 0.026
 257s,  1658.98,-48.06m/s, 2.34m/s, 300.84m/s,-2.75m/s,63.95,228.95,-1.14, 0.05, 0.026
 258s,  1610.72,-48.46m/s,-0.41m/s, 298.09m/s,-2.75m/s,63.72,228.72,-1.05, 0.08, 0.026
 259s,  1562.05,-48.87m/s,-0.41m/s, 295.33m/s,-2.75m/s,63.50,228.50,-0.93, 0.11, 0.026
 260s,  1512.98,-49.28m/s,-0.41m/s, 292.58m/s,-2.76m/s,63.28,228.28,-0.79, 0.13, 0.026
 261s,  1463.50,-49.68m/s,-0.41m/s, 289.82m/s,-2.76m/s,63.06,228.06,-0.61, 0.16, 0.026
 262s,  1413.62,-50.09m/s,-0.41m/s, 287.05m/s,-2.76m/s,62.84,227.84,-0.42, 0.18, 0.026
 263s,  1364.71,-47.73m/s, 2.36m/s, 284.29m/s,-2.77m/s,62.61,227.61,-0.19, 0.21, 0.026
 264s,  1316.78,-48.13m/s,-0.41m/s, 281.52m/s,-2.77m/s,62.39,227.39, 0.06, 0.24, 0.026
 265s,  1268.44,-48.54m/s,-0.41m/s, 278.75m/s,-2.77m/s,62.17,227.17, 0.25, 0.21,-0.026
 266s,  1219.70,-48.95m/s,-0.41m/s, 275.98m/s,-2.77m/s,61.95,226.95, 0.43, 0.18,-0.026
 267s,  1170.55,-49.35m/s,-0.41m/s, 273.20m/s,-2.78m/s,61.73,226.73, 0.57, 0.16,-0.026
 268s,  1121.00,-49.76m/s,-0.41m/s, 270.42m/s,-2.78m/s,61.50,226.50, 0.69, 0.13,-0.026
 269s,  1071.04,-50.16m/s,-0.41m/s, 267.64m/s,-2.78m/s,61.28,226.28, 0.78, 0.10,-0.027
 270s,  1022.07,-47.78m/s, 2.38m/s, 264.86m/s,-2.78m/s,61.06,226.06, 0.85, 0.08,-0.027
 271s,   974.08,-48.19m/s,-0.41m/s, 262.07m/s,-2.79m/s,60.84,225.84, 0.88, 0.05,-0.027
 272s,   927.08,-45.81m/s, 2.38m/s, 259.28m/s,-2.79m/s,60.62,225.62, 0.90, 0.02,-0.027
 273s,   882.47,-43.42m/s, 2.39m/s, 256.49m/s,-2.79m/s,60.39,225.39, 0.88,-0.00,-0.027
 274s,   840.24,-41.03m/s, 2.39m/s, 253.69m/s,-2.80m/s,60.17,225.17, 0.84,-0.03,-0.027
 275s,   800.41,-38.64m/s, 2.39m/s, 250.90m/s,-2.80m/s,59.95,224.95, 0.77,-0.06,-0.027
 276s,   762.97,-36.24m/s, 2.39m/s, 248.09m/s,-2.80m/s,59.73,224.73, 0.67,-0.08,-0.027
 277s,   727.92,-33.85m/s, 2.40m/s, 245.29m/s,-2.80m/s,59.51,224.51, 0.55,-0.11,-0.027
 278s,   695.28,-31.45m/s, 2.40m/s, 242.49m/s,-2.81m/s,59.28,224.28, 0.40,-0.14,-0.027
 279s,   665.03,-29.04m/s, 2.40m/s, 239.68m/s,-2.81m/s,59.06,224.06, 0.22,-0.16,-0.027
 280s,   637.19,-26.64m/s, 2.41m/s, 236.86m/s,-2.81m/s,58.84,223.84, 0.02,-0.19,-0.027
 281s,   611.76,-24.23m/s, 2.41m/s, 234.05m/s,-2.81m/s,58.62,223.62,-0.21,-0.22,-0.027
 282s,   588.73,-21.82m/s, 2.41m/s, 231.23m/s,-2.82m/s,58.40,223.40,-0.39,-0.19, 0.027
 283s,   568.12,-19.40m/s, 2.41m/s, 228.41m/s,-2.82m/s,58.17,223.17,-0.54,-0.16, 0.027
 284s,   549.93,-16.99m/s, 2.42m/s, 225.59m/s,-2.82m/s,57.95,222.95,-0.66,-0.14, 0.027
 285s,   534.15,-14.57m/s, 2.42m/s, 222.76m/s,-2.83m/s,57.73,222.73,-0.76,-0.11, 0.027
 286s,   520.80,-12.14m/s, 2.42m/s, 219.94m/s,-2.83m/s,57.51,222.51,-0.82,-0.08, 0.027
 287s,   509.87,-9.72m/s, 2.43m/s, 217.10m/s,-2.83m/s,57.29,222.29,-0.86,-0.05, 0.028
 288s,   499.94,-10.12m/s,-0.41m/s, 214.27m/s,-2.83m/s,57.06,222.06,-0.88,-0.03, 0.028
 289s,   491.03,-7.69m/s, 2.43m/s, 211.43m/s,-2.84m/s,56.84,221.84,-0.86, 0.00, 0.028
 290s,   483.14,-8.10m/s,-0.41m/s, 208.59m/s,-2.84m/s,56.62,221.62,-0.82, 0.03, 0.028
 291s,   474.83,-8.51m/s,-0.41m/s, 205.75m/s,-2.84m/s,56.40,221.40,-0.75, 0.06, 0.028
 292s,   466.13,-8.91m/s,-0.41m/s, 202.90m/s,-2.85m/s,56.18,221.18,-0.65, 0.08, 0.028
 293s,   457.01,-9.32m/s,-0.41m/s, 200.06m/s,-2.85m/s,55.95,220.95,-0.52, 0.11, 0.028
 294s,   447.49,-9.72m/s,-0.41m/s, 197.20m/s,-2.85m/s,55.73,220.73,-0.37, 0.14, 0.028
 295s,   437.56,-10.13m/s,-0.41m/s, 194.35m/s,-2.85m/s,55.51,220.51,-0.18, 0.17, 0.028
 296s,   428.66,-7.68m/s, 2.45m/s, 191.49m/s,-2.86m/s,55.29,220.29, 0.03, 0.20, 0.028
 297s,   420.78,-8.08m/s,-0.41m/s, 188.63m/s,-2.86m/s,55.07,220.07, 0.18, 0.17,-0.028
 298s,   412.49,-8.49m/s,-0.41m/s, 185.77m/s,-2.86m/s,54.84,219.84, 0.31, 0.14,-0.028
 299s,   403.80,-8.90m/s,-0.41m/s, 182.91m/s,-2.87m/s,54.62,219.62, 0.41, 0.11,-0.028
 300s,   394.70,-9.30m/s,-0.41m/s, 180.04m/s,-2.87m/s,54.40,219.40, 0.48, 0.08,-0.028
 301s,   385.19,-9.71m/s,-0.41m/s, 177.17m/s,-2.87m/s,54.18,219.18, 0.52, 0.06,-0.028
 302s,   375.28,-10.11m/s,-0.41m/s, 174.29m/s,-2.87m/s,53.96,218.96, 0.53, 0.03,-0.028
 303s,   366.40,-7.64m/s, 2.47m/s, 171.41m/s,-2.88m/s,53.73,218.73, 0.51,-0.00,-0.028
 304s,   358.56,-8.05m/s,-0.41m/s, 168.53m/s,-2.88m/s,53.51,218.51, 0.47,-0.03,-0.028
 305s,   350.30,-8.46m/s,-0.41m/s, 165.65m/s,-2.88m/s,53.29,218.29, 0.40,-0.06,-0.029
 306s,   341.64,-8.86m/s,-0.41m/s, 162.76m/s,-2.89m/s,53.07,218.07, 0.30,-0.09,-0.029
 307s,   332.58,-9.27m/s,-0.41m/s, 159.88m/s,-2.89m/s,52.85,217.85, 0.17,-0.12,-0.029
 308s,   323.11,-9.67m/s,-0.41m/s, 156.98m/s,-2.89m/s,52.62,217.62, 0.01,-0.14,-0.029
 309s,   313.23,-10.08m/s,-0.41m/s, 154.09m/s,-2.89m/s,52.40,217.40,-0.18,-0.17,-0.029
 310s,   304.40,-7.59m/s, 2.49m/s, 151.19m/s,-2.90m/s,52.18,217.18,-0.31,-0.14, 0.029
 311s,   296.61,-7.99m/s,-0.41m/s, 148.29m/s,-2.90m/s,51.96,216.96,-0.41,-0.12, 0.029
 312s,   288.41,-8.40m/s,-0.41m/s, 145.39m/s,-2.90m/s,51.74,216.74,-0.48,-0.09, 0.029
 313s,   279.81,-8.81m/s,-0.41m/s, 142.48m/s,-2.91m/s,51.51,216.51,-0.52,-0.06, 0.029
 314s,   270.80,-9.21m/s,-0.41m/s, 139.57m/s,-2.91m/s,51.29,216.29,-0.54,-0.03, 0.029
 315s,   261.39,-9.62m/s,-0.41m/s, 136.66m/s,-2.91m/s,51.07,216.07,-0.52, 0.00, 0.029
 316s,   251.57,-10.02m/s,-0.41m/s, 133.74m/s,-2.92m/s,50.85,215.85,-0.48, 0.03, 0.029
 317s,   242.80,-7.51m/s, 2.51m/s, 130.82m/s,-2.92m/s,50.63,215.63,-0.40, 0.06, 0.029
 318s,   235.08,-7.92m/s,-0.41m/s, 127.90m/s,-2.92m/s,50.40,215.40,-0.30, 0.09, 0.029
 319s,   226.96,-8.32m/s,-0.41m/s, 124.98m/s,-2.92m/s,50.18,215.18,-0.17, 0.12, 0.029
 320s,   218.44,-8.73m/s,-0.41m/s, 122.05m/s,-2.93m/s,49.96,214.96,-0.00, 0.15, 0.029
 321s,   209.51,-9.14m/s,-0.41m/s, 119.12m/s,-2.93m/s,49.74,214.74, 0.19, 0.18, 0.029
 322s,   200.17,-9.54m/s,-0.41m/s, 116.18m/s,-2.93m/s,49.52,214.52, 0.32, 0.15,-0.030
 323s,   190.42,-9.95m/s,-0.41m/s, 113.25m/s,-2.94m/s,49.29,214.29, 0.42, 0.12,-0.030
 324s,   180.27,-10.35m/s,-0.41m/s, 110.31m/s,-2.94m/s,49.07,214.07, 0.50, 0.09,-0.030
 325s,   171.19,-7.82m/s, 2.54m/s, 107.36m/s,-2.94m/s,48.85,213.85, 0.54, 0.06,-0.030
 326s,   163.17,-8.22m/s,-0.41m/s, 104.42m/s,-2.95m/s,48.63,213.63, 0.55, 0.03,-0.030
 327s,   154.74,-8.63m/s,-0.41m/s, 101.47m/s,-2.95m/s,48.41,213.41, 0.54,-0.00,-0.030
 328s,   145.91,-9.03m/s,-0.41m/s,  98.52m/s,-2.95m/s,48.18,213.18, 0.49,-0.03,-0.030
 329s,   136.67,-9.44m/s,-0.41m/s,  95.56m/s,-2.96m/s,47.96,212.96, 0.41,-0.06,-0.030
 330s,   127.03,-9.85m/s,-0.41m/s,  92.60m/s,-2.96m/s,47.74,212.74, 0.31,-0.09,-0.030
 331s,   116.98,-10.25m/s,-0.41m/s,  89.64m/s,-2.96m/s,47.52,212.52, 0.17,-0.12,-0.030
 332s,   108.01,-7.69m/s, 2.56m/s,  86.68m/s,-2.96m/s,47.30,212.30, 0.01,-0.15,-0.030
 333s,   100.11,-8.10m/s,-0.41m/s,  83.71m/s,-2.97m/s,47.07,212.07,-0.19,-0.18,-0.030
 334s,    91.81,-8.51m/s,-0.41m/s,  80.74m/s,-2.97m/s,46.85,211.85,-0.33,-0.15, 0.030
 335s,    84.58,-5.94m/s, 2.57m/s,  77.77m/s,-2.97m/s,46.63,211.63,-0.43,-0.12, 0.030
 336s,    79.93,-3.37m/s, 2.57m/s,  74.79m/s,-2.98m/s,46.41,211.41,-0.51,-0.09, 0.030
 337s,    76.36,-3.77m/s,-0.41m/s,  71.81m/s,-2.98m/s,46.19,211.19,-0.55,-0.06, 0.030
 338s,    72.38,-4.18m/s,-0.41m/s,  68.83m/s,-2.98m/s,45.96,210.96,-0.57,-0.03, 0.031
 339s,    68.00,-4.59m/s,-0.41m/s,  65.84m/s,-2.99m/s,45.74,210.74,-0.55, 0.00, 0.031
 340s,    63.21,-4.99m/s,-0.41m/s,  62.85m/s,-2.99m/s,45.52,210.52,-0.50, 0.03, 0.031
 341s,    58.01,-5.40m/s,-0.41m/s,  59.86m/s,-2.99m/s,45.30,210.30,-0.43, 0.06, 0.031
 342s,    53.91,-2.81m/s, 2.59m/s,  56.86m/s,-3.00m/s,45.08,210.08,-0.32, 0.09, 0.031
 343s,    50.90,-3.21m/s,-0.41m/s,  53.86m/s,-3.00m/s,44.85,209.85,-0.18, 0.12, 0.031
 344s,    47.48,-3.62m/s,-0.41m/s,  50.86m/s,-3.00m/s,44.63,209.63,-0.01, 0.16, 0.031
 345s,    43.66,-4.03m/s,-0.41m/s,  47.86m/s,-3.01m/s,44.41,209.41, 0.19, 0.19, 0.031
 346s,    39.43,-4.43m/s,-0.41m/s,  44.85m/s,-3.01m/s,44.19,209.19, 0.33, 0.15,-0.031
 347s,    34.79,-4.84m/s,-0.41m/s,  41.83m/s,-3.01m/s,43.97,208.97, 0.44, 0.12,-0.031
 348s,    29.75,-5.25m/s,-0.41m/s,  38.82m/s,-3.01m/s,43.74,208.74, 0.52, 0.09,-0.031
 349s,    25.81,-2.63m/s, 2.61m/s,  35.80m/s,-3.02m/s,43.52,208.52, 0.56, 0.06,-0.031
 350s,    22.97,-3.04m/s,-0.41m/s,  32.78m/s,-3.02m/s,43.30,208.30, 0.58, 0.03,-0.031
 351s,    19.73,-3.45m/s,-0.41m/s,  29.76m/s,-3.02m/s,43.08,208.08, 0.56,-0.00,-0.031
 352s,    16.08,-3.85m/s,-0.41m/s,  26.73m/s,-3.03m/s,42.86,207.86, 0.51,-0.03,-0.031
 353s,    12.03,-4.26m/s,-0.41m/s,  23.70m/s,-3.03m/s,42.63,207.63, 0.43,-0.06,-0.032
 354s,     7.57,-4.66m/s,-0.41m/s,  20.66m/s,-3.03m/s,42.41,207.41, 0.32,-0.10,-0.032
 355s,     2.70,-5.07m/s,-0.41m/s,  17.63m/s,-3.04m/s,42.19,207.19, 0.18,-0.13,-0.032
